OrderID, OrderDate,	CustomerID,	ProductID,	Quantity,	Price,	Total,	Cost		
1	2025-01-27	Lucas	1	1	10.0	10.0	6.0		
2	2025-05-07	Lucas	2	4	15.0	60.0	40.0		
3	2025-12-28	Fernanda	5	4	12.0	48.0	28.0		
4	2025-09-30	Igor	4	5	5.0	25.0	15.0		
5	2025-02-23	Gabriel	2	10	15.0	150.0	100.0		
6	2025-08-20	Lucas	3	5	7.5	37.5	25.0		
7	2025-08-11	Fernanda	3	4	7.5	30.0	20.0		
8	2025-05-13	Lucas	1	7	10.0	70.0	42.0		
9	2025-10-13	Igor	2	8	15.0	120.0	80.0		
10	2025-03-02	Gabriel	2	8	15.0	120.0	80.0		
11	2025-09-10	Paulo	5	4	12.0	48.0	28.0		
12	2025-02-12	Manuela	5	6	12.0	72.0	42.0		
13	2025-08-12	Lucas	3	3	7.5	22.5	15.0		
14	2025-02-13	Manuela	2	7	15.0	105.0	70.0		
15	2025-06-02	Paulo	2	3	15.0	45.0	30.0		
16	2025-09-05	Gabriel	1	7	10.0	70.0	42.0		
17	2025-08-08	Manuela	5	8	12.0	96.0	56.0		
18	2025-08-20	Isabela	3	3	7.5	22.5	15.0		
19	2025-05-06	Paulo	5	10	12.0	120.0	70.0		
20	2025-10-30	Manuela	5	7	12.0	84.0	49.0		
21	2025-05-13	Gabriel	1	9	10.0	90.0	54.0		
22	2025-11-01	João	5	6	12.0	72.0	42.0		
23	2025-09-30	Lucas	4	10	5.0	50.0	30.0		
24	2025-11-24	Fernanda	4	5	5.0	25.0	15.0		
25	2025-06-03	Paulo	2	9	15.0	135.0	90.0		
26	2025-08-05	Ana	2	7	15.0	105.0	70.0		
27	2025-02-23	Lucas	5	10	12.0	120.0	70.0		
28	2025-01-09	João	3	7	7.5	52.5	35.0		
29	2025-03-13	Paulo	5	2	12.0	24.0	14.0		
30	2025-12-30	Fernanda	2	6	15.0	90.0	60.0		
31	2025-01-24	Ana	4	1	5.0	5.0	3.0		
32	2025-02-19	João	4	4	5.0	20.0	12.0		
33	2025-06-19	Manuela	3	5	7.5	37.5	25.0		
34	2025-06-05	Lucas	3	3	7.5	22.5	15.0		
35	2025-09-05	Fernanda	1	8	10.0	80.0	48.0		
36	2025-01-13	Fernanda	3	10	7.5	75.0	50.0		
37	2025-04-14	Ana	2	6	15.0	90.0	60.0		
38	2025-03-17	Fernanda	5	4	12.0	48.0	28.0		
39	2025-10-15	Ana	2	1	15.0	15.0	10.0		
40	2025-03-07	Manuela	3	10	7.5	75.0	50.0		
41	2025-07-24	Manuela	5	8	12.0	96.0	56.0		
42	2025-03-03	Lucas	4	10	5.0	50.0	30.0		
43	2025-11-15	Igor	4	7	5.0	35.0	21.0		
44	2025-10-21	Ana	1	7	10.0	70.0	42.0		
45	2025-08-26	Manuela	3	7	7.5	52.5	35.0		
46	2025-12-02	Gabriel	2	6	15.0	90.0	60.0		
47	2025-04-03	Manuela	4	6	5.0	30.0	18.0		
48	2025-10-27	Gabriel	5	8	12.0	96.0	56.0		
49	2025-12-28	Ana	5	8	12.0	96.0	56.0		
50	2025-01-14	Ana	3	4	7.5	30.0	20.0		
51	2025-10-21	Gabriel	4	4	5.0	20.0	12.0		
52	2025-06-02	Igor	4	9	5.0	45.0	27.0		
53	2025-10-20	Paulo	1	8	10.0	80.0	48.0		
54	2025-05-02	Igor	4	9	5.0	45.0	27.0		
55	2025-05-18	Manuela	5	6	12.0	72.0	42.0		
56	2025-08-31	Gabriel	3	4	7.5	30.0	20.0		
57	2025-08-17	Manuela	5	2	12.0	24.0	14.0		
58	2025-08-07	Maria	3	2	7.5	15.0	10.0		
59	2025-09-07	Ana	5	2	12.0	24.0	14.0		
60	2025-12-07	Manuela	3	7	7.5	52.5	35.0		
61	2025-11-18	Fernanda	4	7	5.0	35.0	21.0		
62	2025-12-21	Ana	5	9	12.0	108.0	63.0		
63	2025-10-29	Isabela	3	4	7.5	30.0	20.0		
64	2025-01-14	Manuela	3	3	7.5	22.5	15.0		
65	2025-06-04	Ana	4	5	5.0	25.0	15.0		
66	2025-03-18	Gabriel	2	2	15.0	30.0	20.0		
67	2025-06-13	Isabela	5	5	12.0	60.0	35.0		
68	2025-10-10	Ana	3	5	7.5	37.5	25.0		
69	2025-02-02	Igor	5	10	12.0	120.0	70.0		
70	2025-01-04	Isabela	3	1	7.5	7.5	5.0		
71	2025-08-16	Manuela	5	8	12.0	96.0	56.0		
72	2025-08-14	Gabriel	1	7	10.0	70.0	42.0		
73	2025-10-18	Lucas	4	7	5.0	35.0	21.0		
74	2025-01-21	Fernanda	4	2	5.0	10.0	6.0		
75	2025-01-18	Igor	3	5	7.5	37.5	25.0		
76	2025-08-30	Maria	3	7	7.5	52.5	35.0		
77	2025-02-15	Fernanda	2	4	15.0	60.0	40.0		
78	2025-07-22	Gabriel	2	4	15.0	60.0	40.0		
79	2025-05-09	Gabriel	3	10	7.5	75.0	50.0		
80	2025-10-16	Paulo	1	10	10.0	100.0	60.0		
81	2025-07-10	Lucas	1	10	10.0	100.0	60.0		
82	2025-06-19	Ana	3	5	7.5	37.5	25.0		
83	2025-09-06	Igor	1	5	10.0	50.0	30.0		
84	2025-02-09	Lucas	3	1	7.5	7.5	5.0		
85	2025-06-22	Manuela	1	5	10.0	50.0	30.0		
86	2025-11-15	Gabriel	3	7	7.5	52.5	35.0		
87	2025-10-09	Ana	5	10	12.0	120.0	70.0		
88	2025-06-22	Lucas	1	2	10.0	20.0	12.0		
89	2025-03-06	Maria	2	5	15.0	75.0	50.0		
90	2025-03-20	Lucas	1	6	10.0	60.0	36.0		
91	2025-06-20	Maria	3	4	7.5	30.0	20.0		
92	2025-11-22	Ana	4	4	5.0	20.0	12.0		
93	2025-10-16	Ana	2	5	15.0	75.0	50.0		
94	2025-03-10	Fernanda	3	3	7.5	22.5	15.0		
95	2025-06-18	Ana	2	4	15.0	60.0	40.0		
96	2025-09-01	Paulo	3	6	7.5	45.0	30.0		
97	2025-09-09	Maria	5	5	12.0	60.0	35.0		
98	2025-11-06	Ana	5	1	12.0	12.0	7.0		
99	2025-06-24	Fernanda	2	1	15.0	15.0	10.0		
100	2025-07-13	Gabriel	3	4	7.5	30.0	20.0		
101	2025-05-02	Lucas	1	9	10.0	90.0	54.0		
102	2025-12-15	João	3	1	7.5	7.5	5.0		
103	2025-11-26	Isabela	5	8	12.0	96.0	56.0		
104	2025-02-02	Lucas	5	5	12.0	60.0	35.0		
105	2025-03-03	Gabriel	2	2	15.0	30.0	20.0		
106	2025-08-26	Lucas	3	6	7.5	45.0	30.0		
107	2025-11-07	Ana	1	6	10.0	60.0	36.0		
108	2025-10-02	Lucas	3	1	7.5	7.5	5.0		
109	2025-12-13	Maria	4	4	5.0	20.0	12.0		
110	2025-05-04	Lucas	2	8	15.0	120.0	80.0		
111	2025-07-16	Lucas	3	5	7.5	37.5	25.0		
112	2025-01-03	Paulo	2	3	15.0	45.0	30.0		
113	2025-02-21	Manuela	2	9	15.0	135.0	90.0		
114	2025-07-20	Manuela	3	1	7.5	7.5	5.0		
115	2025-07-26	Fernanda	1	7	10.0	70.0	42.0		
116	2025-10-20	Igor	4	4	5.0	20.0	12.0		
117	2025-09-11	Isabela	1	8	10.0	80.0	48.0		
118	2025-11-07	Lucas	2	10	15.0	150.0	100.0		
119	2025-06-21	Fernanda	5	1	12.0	12.0	7.0		
120	2025-03-26	Fernanda	1	1	10.0	10.0	6.0		
121	2025-10-25	Manuela	4	8	5.0	40.0	24.0		
122	2025-08-25	Paulo	1	1	10.0	10.0	6.0		
123	2025-06-28	Lucas	5	9	12.0	108.0	63.0		
124	2025-05-25	Gabriel	1	6	10.0	60.0	36.0		
125	2025-01-27	Isabela	1	7	10.0	70.0	42.0		
126	2025-03-13	Fernanda	4	10	5.0	50.0	30.0		
127	2025-09-22	Lucas	5	7	12.0	84.0	49.0		
128	2025-07-04	Manuela	2	10	15.0	150.0	100.0		
129	2025-10-23	Ana	2	4	15.0	60.0	40.0		
130	2025-10-16	Lucas	3	4	7.5	30.0	20.0		
131	2025-08-27	Isabela	5	7	12.0	84.0	49.0		
132	2025-11-05	Manuela	4	1	5.0	5.0	3.0		
133	2025-12-06	Paulo	4	4	5.0	20.0	12.0		
134	2025-04-02	Ana	5	7	12.0	84.0	49.0		
135	2025-09-18	Igor	3	7	7.5	52.5	35.0		
136	2025-10-20	Paulo	1	10	10.0	100.0	60.0		
137	2025-01-04	Manuela	5	10	12.0	120.0	70.0		
138	2025-06-04	Lucas	1	8	10.0	80.0	48.0		
139	2025-09-08	Lucas	4	6	5.0	30.0	18.0		
140	2025-11-24	Maria	3	9	7.5	67.5	45.0		
141	2025-08-17	Gabriel	2	6	15.0	90.0	60.0		
142	2025-06-25	Manuela	1	3	10.0	30.0	18.0		
143	2025-12-29	Ana	5	2	12.0	24.0	14.0		
144	2025-03-06	Igor	4	4	5.0	20.0	12.0		
145	2025-06-22	Gabriel	2	4	15.0	60.0	40.0		
146	2025-12-21	Paulo	5	8	12.0	96.0	56.0		
147	2025-04-06	Ana	1	2	10.0	20.0	12.0		
148	2025-06-27	Lucas	3	2	7.5	15.0	10.0		
149	2025-05-13	Igor	3	3	7.5	22.5	15.0		
150	2025-02-27	Ana	1	6	10.0	60.0	36.0		
151	2025-10-31	Ana	1	2	10.0	20.0	12.0		
152	2025-08-18	João	2	4	15.0	60.0	40.0		
153	2025-12-16	Manuela	4	3	5.0	15.0	9.0		
154	2025-11-21	Lucas	5	5	12.0	60.0	35.0		
155	2025-11-11	Lucas	5	7	12.0	84.0	49.0		
156	2025-09-17	Igor	2	8	15.0	120.0	80.0		
157	2025-10-27	Igor	5	6	12.0	72.0	42.0		
158	2025-05-17	Isabela	1	4	10.0	40.0	24.0		
159	2025-08-29	Manuela	3	7	7.5	52.5	35.0		
160	2025-12-04	Paulo	1	2	10.0	20.0	12.0		
161	2025-05-16	Fernanda	2	6	15.0	90.0	60.0		
162	2025-05-11	Ana	4	9	5.0	45.0	27.0		
163	2025-11-28	Fernanda	1	1	10.0	10.0	6.0		
164	2025-08-26	Lucas	1	3	10.0	30.0	18.0		
165	2025-11-11	Lucas	5	1	12.0	12.0	7.0		
166	2025-12-28	João	5	8	12.0	96.0	56.0		
167	2025-09-08	Fernanda	3	1	7.5	7.5	5.0		
168	2025-11-22	Maria	4	1	5.0	5.0	3.0		
169	2025-01-30	Igor	2	9	15.0	135.0	90.0		
170	2025-09-27	Paulo	4	1	5.0	5.0	3.0		
171	2025-02-04	Isabela	5	7	12.0	84.0	49.0		
172	2025-07-21	Fernanda	1	2	10.0	20.0	12.0		
173	2025-02-25	Ana	4	2	5.0	10.0	6.0		
174	2025-08-26	Maria	2	7	15.0	105.0	70.0		
175	2025-01-02	Isabela	5	9	12.0	108.0	63.0		
176	2025-05-17	Gabriel	2	10	15.0	150.0	100.0		
177	2025-09-20	Manuela	1	1	10.0	10.0	6.0		
178	2025-03-18	Lucas	1	4	10.0	40.0	24.0		
179	2025-10-03	Maria	1	2	10.0	20.0	12.0		
180	2025-03-02	Maria	3	3	7.5	22.5	15.0		
181	2025-10-20	Igor	5	1	12.0	12.0	7.0		
182	2025-01-13	Igor	1	1	10.0	10.0	6.0		
183	2025-07-01	Isabela	3	4	7.5	30.0	20.0		
184	2025-05-19	Igor	4	6	5.0	30.0	18.0		
185	2025-09-27	João	5	1	12.0	12.0	7.0		
186	2025-03-29	Manuela	4	3	5.0	15.0	9.0		
187	2025-10-15	Paulo	2	7	15.0	105.0	70.0		
188	2025-01-31	Gabriel	1	1	10.0	10.0	6.0		
189	2025-02-27	Fernanda	5	6	12.0	72.0	42.0		
190	2025-11-27	Igor	1	10	10.0	100.0	60.0		
191	2025-12-10	Fernanda	5	10	12.0	120.0	70.0		
192	2025-08-29	João	5	2	12.0	24.0	14.0		
193	2025-11-26	Igor	2	6	15.0	90.0	60.0		
194	2025-01-09	Igor	2	6	15.0	90.0	60.0		
195	2025-05-14	Manuela	2	6	15.0	90.0	60.0		
196	2025-06-23	Gabriel	2	9	15.0	135.0	90.0		
197	2025-06-24	Gabriel	5	1	12.0	12.0	7.0		
198	2025-07-05	Manuela	4	1	5.0	5.0	3.0		
199	2025-04-17	Gabriel	2	3	15.0	45.0	30.0		
200	2025-01-14	Maria	3	7	7.5	52.5	35.0		
201	2025-03-10	Lucas	5	10	12.0	120.0	70.0		
202	2025-07-17	Lucas	2	7	15.0	105.0	70.0		
203	2025-05-09	Gabriel	5	8	12.0	96.0	56.0		
204	2025-09-14	Manuela	5	2	12.0	24.0	14.0		
205	2025-01-24	Paulo	1	10	10.0	100.0	60.0		
206	2025-02-16	Ana	1	3	10.0	30.0	18.0		
207	2025-06-06	Gabriel	3	8	7.5	60.0	40.0		
208	2025-11-28	João	5	10	12.0	120.0	70.0		
209	2025-05-31	Gabriel	2	5	15.0	75.0	50.0		
210	2025-12-10	Manuela	5	7	12.0	84.0	49.0		
211	2025-03-30	Igor	5	1	12.0	12.0	7.0		
212	2025-01-12	Fernanda	5	10	12.0	120.0	70.0		
213	2025-01-05	Gabriel	4	9	5.0	45.0	27.0		
214	2025-02-25	Isabela	2	7	15.0	105.0	70.0		
215	2025-04-20	Igor	2	6	15.0	90.0	60.0		
216	2025-06-26	Ana	5	10	12.0	120.0	70.0		
217	2025-06-30	Paulo	2	6	15.0	90.0	60.0		
218	2025-04-27	João	5	8	12.0	96.0	56.0		
219	2025-11-07	Manuela	2	6	15.0	90.0	60.0		
220	2025-11-29	Isabela	2	3	15.0	45.0	30.0		
221	2025-05-08	Fernanda	3	8	7.5	60.0	40.0		
222	2025-07-05	Paulo	1	10	10.0	100.0	60.0		
223	2025-06-05	Fernanda	4	7	5.0	35.0	21.0		
224	2025-07-01	Gabriel	3	7	7.5	52.5	35.0		
225	2025-10-26	Gabriel	1	1	10.0	10.0	6.0		
226	2025-01-30	Maria	5	7	12.0	84.0	49.0		
227	2025-08-23	Paulo	2	2	15.0	30.0	20.0		
228	2025-05-31	Gabriel	3	3	7.5	22.5	15.0		
229	2025-02-09	Gabriel	4	8	5.0	40.0	24.0		
230	2025-11-12	Manuela	1	9	10.0	90.0	54.0		
231	2025-08-19	Lucas	5	2	12.0	24.0	14.0		
232	2025-01-22	Maria	5	9	12.0	108.0	63.0		
233	2025-03-13	Igor	5	10	12.0	120.0	70.0		
234	2025-02-26	João	4	6	5.0	30.0	18.0		
235	2025-01-30	João	4	6	5.0	30.0	18.0		
236	2025-02-22	Gabriel	5	8	12.0	96.0	56.0		
237	2025-07-07	Ana	2	7	15.0	105.0	70.0		
238	2025-07-02	Ana	3	5	7.5	37.5	25.0		
239	2025-03-11	Lucas	2	6	15.0	90.0	60.0		
240	2025-02-02	João	2	8	15.0	120.0	80.0		
241	2025-07-26	Paulo	5	9	12.0	108.0	63.0		
242	2025-06-12	Fernanda	2	5	15.0	75.0	50.0		
243	2025-09-01	Ana	1	6	10.0	60.0	36.0		
244	2025-06-23	Igor	3	4	7.5	30.0	20.0		
245	2025-10-03	Igor	4	5	5.0	25.0	15.0		
246	2025-07-08	Igor	3	10	7.5	75.0	50.0		
247	2025-07-22	Paulo	4	10	5.0	50.0	30.0		
248	2025-05-15	Ana	1	8	10.0	80.0	48.0		
249	2025-08-08	Lucas	2	6	15.0	90.0	60.0		
250	2025-01-19	Manuela	4	2	5.0	10.0	6.0		
251	2025-07-03	Ana	1	2	10.0	20.0	12.0		
252	2025-11-05	João	5	10	12.0	120.0	70.0		
253	2025-12-10	Igor	2	10	15.0	150.0	100.0		
254	2025-03-10	Igor	3	3	7.5	22.5	15.0		
255	2025-07-16	Maria	4	2	5.0	10.0	6.0		
256	2025-05-01	Manuela	2	4	15.0	60.0	40.0		
257	2025-11-20	Igor	1	8	10.0	80.0	48.0		
258	2025-02-02	Isabela	3	2	7.5	15.0	10.0		
259	2025-12-16	Igor	5	2	12.0	24.0	14.0		
260	2025-01-23	Maria	5	1	12.0	12.0	7.0		
261	2025-10-09	Ana	5	9	12.0	108.0	63.0		
262	2025-11-09	Igor	5	7	12.0	84.0	49.0		
263	2025-02-01	Isabela	2	1	15.0	15.0	10.0		
264	2025-08-03	Maria	2	9	15.0	135.0	90.0		
265	2025-08-25	Isabela	2	3	15.0	45.0	30.0		
266	2025-02-11	Isabela	3	8	7.5	60.0	40.0		
267	2025-11-25	Isabela	5	6	12.0	72.0	42.0		
268	2025-01-31	Fernanda	4	7	5.0	35.0	21.0		
269	2025-08-23	Ana	4	3	5.0	15.0	9.0		
270	2025-09-09	Lucas	1	7	10.0	70.0	42.0		
271	2025-03-12	Fernanda	5	6	12.0	72.0	42.0		
272	2025-04-11	Igor	1	10	10.0	100.0	60.0		
273	2025-01-31	Fernanda	4	3	5.0	15.0	9.0		
274	2025-09-16	Isabela	4	9	5.0	45.0	27.0		
275	2025-06-20	Ana	3	10	7.5	75.0	50.0		
276	2025-03-28	Isabela	5	3	12.0	36.0	21.0		
277	2025-07-16	Isabela	3	4	7.5	30.0	20.0		
278	2025-10-14	Paulo	1	7	10.0	70.0	42.0		
279	2025-01-28	Isabela	3	1	7.5	7.5	5.0		
280	2025-06-04	Ana	4	7	5.0	35.0	21.0		
281	2025-10-15	Maria	5	1	12.0	12.0	7.0		
282	2025-08-20	Paulo	1	2	10.0	20.0	12.0		
283	2025-08-28	Fernanda	1	5	10.0	50.0	30.0		
284	2025-01-14	Ana	3	4	7.5	30.0	20.0		
285	2025-02-27	Maria	4	2	5.0	10.0	6.0		
286	2025-11-14	Ana	5	9	12.0	108.0	63.0		
287	2025-12-22	Lucas	1	5	10.0	50.0	30.0		
288	2025-01-05	Igor	3	4	7.5	30.0	20.0		
289	2025-05-11	Isabela	5	6	12.0	72.0	42.0		
290	2025-08-10	Fernanda	4	3	5.0	15.0	9.0		
291	2025-09-23	Lucas	4	1	5.0	5.0	3.0		
292	2025-11-01	Igor	1	9	10.0	90.0	54.0		
293	2025-08-20	Maria	2	2	15.0	30.0	20.0		
294	2025-03-11	Maria	5	3	12.0	36.0	21.0		
295	2025-10-13	Paulo	1	2	10.0	20.0	12.0		
296	2025-08-14	Lucas	2	1	15.0	15.0	10.0		
297	2025-06-24	Igor	3	6	7.5	45.0	30.0		
298	2025-01-30	Paulo	5	6	12.0	72.0	42.0		
299	2025-01-31	Lucas	4	3	5.0	15.0	9.0		
300	2025-02-27	Lucas	2	1	15.0	15.0	10.0		
301	2025-05-30	João	1	3	10.0	30.0	18.0		
302	2025-07-19	Isabela	1	2	10.0	20.0	12.0		
303	2025-06-18	Igor	2	8	15.0	120.0	80.0		
304	2025-10-20	Paulo	2	6	15.0	90.0	60.0		
305	2025-08-08	João	1	10	10.0	100.0	60.0		
306	2025-12-12	Ana	1	2	10.0	20.0	12.0		
307	2025-03-15	Isabela	2	6	15.0	90.0	60.0		
308	2025-10-14	Paulo	1	4	10.0	40.0	24.0		
309	2025-07-09	Isabela	2	9	15.0	135.0	90.0		
310	2025-10-09	Paulo	3	1	7.5	7.5	5.0		
311	2025-10-14	Fernanda	2	1	15.0	15.0	10.0		
312	2025-07-15	Fernanda	2	6	15.0	90.0	60.0		
313	2025-08-22	Lucas	2	3	15.0	45.0	30.0		
314	2025-07-22	Paulo	1	3	10.0	30.0	18.0		
315	2025-02-14	Gabriel	4	6	5.0	30.0	18.0		
316	2025-12-20	Isabela	4	7	5.0	35.0	21.0		
317	2025-07-18	Lucas	4	7	5.0	35.0	21.0		
318	2025-04-17	Igor	2	3	15.0	45.0	30.0		
319	2025-02-23	Isabela	2	5	15.0	75.0	50.0		
320	2025-03-20	João	3	2	7.5	15.0	10.0		
321	2025-03-09	João	2	1	15.0	15.0	10.0		
322	2025-01-02	Paulo	1	6	10.0	60.0	36.0		
323	2025-01-22	Maria	1	7	10.0	70.0	42.0		
324	2025-09-14	Gabriel	2	7	15.0	105.0	70.0		
325	2025-01-15	Gabriel	4	4	5.0	20.0	12.0		
326	2025-11-21	João	4	3	5.0	15.0	9.0		
327	2025-08-29	João	1	4	10.0	40.0	24.0		
328	2025-03-15	Fernanda	2	7	15.0	105.0	70.0		
329	2025-05-17	Fernanda	4	5	5.0	25.0	15.0		
330	2025-06-15	Manuela	3	7	7.5	52.5	35.0		
331	2025-11-03	Manuela	2	6	15.0	90.0	60.0		
332	2025-03-29	Lucas	1	2	10.0	20.0	12.0		
333	2025-01-31	João	2	2	15.0	30.0	20.0		
334	2025-07-17	Paulo	2	8	15.0	120.0	80.0		
335	2025-03-06	Gabriel	5	9	12.0	108.0	63.0		
336	2025-05-25	Isabela	4	10	5.0	50.0	30.0		
337	2025-04-30	Ana	2	4	15.0	60.0	40.0		
338	2025-05-24	Ana	2	2	15.0	30.0	20.0		
339	2025-07-09	Igor	4	4	5.0	20.0	12.0		
340	2025-10-10	Isabela	3	6	7.5	45.0	30.0		
341	2025-05-20	Maria	4	5	5.0	25.0	15.0		
342	2025-06-19	Lucas	5	8	12.0	96.0	56.0		
343	2025-11-24	Gabriel	3	10	7.5	75.0	50.0		
344	2025-07-01	Lucas	2	9	15.0	135.0	90.0		
345	2025-03-04	Isabela	3	1	7.5	7.5	5.0		
346	2025-02-17	Fernanda	2	10	15.0	150.0	100.0		
347	2025-12-11	Igor	3	3	7.5	22.5	15.0		
348	2025-02-22	Paulo	3	1	7.5	7.5	5.0		
349	2025-08-14	Paulo	4	2	5.0	10.0	6.0		
350	2025-09-15	Fernanda	5	5	12.0	60.0	35.0		
351	2025-09-06	Fernanda	5	4	12.0	48.0	28.0		
352	2025-08-08	Paulo	2	6	15.0	90.0	60.0		
353	2025-12-22	Lucas	1	5	10.0	50.0	30.0		
354	2025-03-29	Maria	4	6	5.0	30.0	18.0		
355	2025-08-22	Ana	1	1	10.0	10.0	6.0		
356	2025-01-25	Ana	2	5	15.0	75.0	50.0		
357	2025-12-24	Fernanda	3	2	7.5	15.0	10.0		
358	2025-05-05	Fernanda	1	5	10.0	50.0	30.0		
359	2025-05-09	Isabela	5	7	12.0	84.0	49.0		
360	2025-04-12	Ana	1	8	10.0	80.0	48.0		
361	2025-07-29	Manuela	4	6	5.0	30.0	18.0		
362	2025-05-20	Paulo	4	3	5.0	15.0	9.0		
363	2025-07-22	Lucas	3	4	7.5	30.0	20.0		
364	2025-10-10	Igor	4	5	5.0	25.0	15.0		
365	2025-11-06	Paulo	1	3	10.0	30.0	18.0		
366	2025-10-20	Maria	1	6	10.0	60.0	36.0		
367	2025-12-18	Manuela	5	10	12.0	120.0	70.0		
368	2025-10-16	Igor	3	10	7.5	75.0	50.0		
369	2025-08-11	Igor	2	9	15.0	135.0	90.0		
370	2025-07-20	Ana	2	7	15.0	105.0	70.0		
371	2025-01-28	Isabela	2	10	15.0	150.0	100.0		
372	2025-01-04	Lucas	4	9	5.0	45.0	27.0		
373	2025-11-20	Fernanda	4	9	5.0	45.0	27.0		
374	2025-06-28	Maria	1	10	10.0	100.0	60.0		
375	2025-11-18	Maria	4	5	5.0	25.0	15.0		
376	2025-08-14	Isabela	3	7	7.5	52.5	35.0		
377	2025-01-18	Isabela	2	8	15.0	120.0	80.0		
378	2025-05-16	Ana	2	10	15.0	150.0	100.0		
379	2025-11-19	Isabela	2	10	15.0	150.0	100.0		
380	2025-10-06	Ana	1	5	10.0	50.0	30.0		
381	2025-07-11	Lucas	2	5	15.0	75.0	50.0		
382	2025-09-01	Manuela	2	5	15.0	75.0	50.0		
383	2025-02-10	Fernanda	1	5	10.0	50.0	30.0		
384	2025-01-15	Manuela	3	2	7.5	15.0	10.0		
385	2025-12-15	Gabriel	3	4	7.5	30.0	20.0		
386	2025-05-19	Fernanda	5	9	12.0	108.0	63.0		
387	2025-08-20	Paulo	5	1	12.0	12.0	7.0		
388	2025-03-19	Fernanda	5	1	12.0	12.0	7.0		
389	2025-05-27	João	2	4	15.0	60.0	40.0		
390	2025-01-28	Fernanda	1	1	10.0	10.0	6.0		
391	2025-12-10	Igor	2	1	15.0	15.0	10.0		
392	2025-02-13	Lucas	1	10	10.0	100.0	60.0		
393	2025-08-04	Fernanda	1	4	10.0	40.0	24.0		
394	2025-10-28	Maria	2	1	15.0	15.0	10.0		
395	2025-09-19	João	1	9	10.0	90.0	54.0		
396	2025-10-14	Isabela	2	3	15.0	45.0	30.0		
397	2025-10-22	Fernanda	3	8	7.5	60.0	40.0		
398	2025-04-21	Isabela	2	6	15.0	90.0	60.0		
399	2025-01-22	Maria	1	2	10.0	20.0	12.0		
400	2025-04-10	Paulo	2	2	15.0	30.0	20.0		
401	2025-04-11	Ana	4	2	5.0	10.0	6.0		
402	2025-06-24	Igor	2	3	15.0	45.0	30.0		
403	2025-06-18	Fernanda	2	6	15.0	90.0	60.0		
404	2025-03-21	Fernanda	5	6	12.0	72.0	42.0		
405	2025-06-16	Ana	3	7	7.5	52.5	35.0		
406	2025-05-12	Maria	5	3	12.0	36.0	21.0		
407	2025-07-19	Isabela	3	8	7.5	60.0	40.0		
408	2025-06-07	Gabriel	4	3	5.0	15.0	9.0		
409	2025-07-01	Paulo	4	7	5.0	35.0	21.0		
410	2025-12-01	Igor	4	9	5.0	45.0	27.0		
411	2025-08-19	Isabela	4	10	5.0	50.0	30.0		
412	2025-03-06	Fernanda	3	5	7.5	37.5	25.0		
413	2025-09-23	Fernanda	4	3	5.0	15.0	9.0		
414	2025-04-23	Igor	5	2	12.0	24.0	14.0		
415	2025-11-14	Gabriel	3	6	7.5	45.0	30.0		
416	2025-11-29	Isabela	2	5	15.0	75.0	50.0		
417	2025-09-16	Lucas	5	4	12.0	48.0	28.0		
418	2025-08-28	Lucas	2	8	15.0	120.0	80.0		
419	2025-05-07	Isabela	2	1	15.0	15.0	10.0		
420	2025-04-08	Fernanda	2	4	15.0	60.0	40.0		
421	2025-10-22	Manuela	3	8	7.5	60.0	40.0		
422	2025-09-02	Lucas	5	2	12.0	24.0	14.0		
423	2025-06-25	Ana	1	3	10.0	30.0	18.0		
424	2025-07-27	Igor	4	2	5.0	10.0	6.0		
425	2025-03-25	Fernanda	4	10	5.0	50.0	30.0		
426	2025-02-01	Manuela	4	8	5.0	40.0	24.0		
427	2025-03-27	Fernanda	4	6	5.0	30.0	18.0		
428	2025-09-14	Paulo	1	7	10.0	70.0	42.0		
429	2025-03-12	Ana	1	4	10.0	40.0	24.0		
430	2025-12-29	Lucas	5	6	12.0	72.0	42.0		
431	2025-12-13	Ana	5	10	12.0	120.0	70.0		
432	2025-08-11	Maria	4	9	5.0	45.0	27.0		
433	2025-08-07	Igor	4	9	5.0	45.0	27.0		
434	2025-07-22	Gabriel	4	1	5.0	5.0	3.0		
435	2025-06-11	Fernanda	4	8	5.0	40.0	24.0		
436	2025-06-09	Ana	2	3	15.0	45.0	30.0		
437	2025-02-03	Gabriel	5	3	12.0	36.0	21.0		
438	2025-02-27	Lucas	5	4	12.0	48.0	28.0		
439	2025-01-19	João	4	1	5.0	5.0	3.0		
440	2025-12-02	Igor	1	8	10.0	80.0	48.0		
441	2025-03-06	João	2	1	15.0	15.0	10.0		
442	2025-03-21	Maria	2	4	15.0	60.0	40.0		
443	2025-11-21	Paulo	5	1	12.0	12.0	7.0		
444	2025-09-30	Ana	1	3	10.0	30.0	18.0		
445	2025-03-17	Paulo	4	7	5.0	35.0	21.0		
446	2025-11-04	João	5	6	12.0	72.0	42.0		
447	2025-04-06	Lucas	1	5	10.0	50.0	30.0		
448	2025-03-10	Manuela	2	10	15.0	150.0	100.0		
449	2025-07-27	Igor	5	3	12.0	36.0	21.0		
450	2025-04-11	Isabela	4	1	5.0	5.0	3.0		
451	2025-08-11	Isabela	3	1	7.5	7.5	5.0		
452	2025-10-12	Lucas	4	5	5.0	25.0	15.0		
453	2025-06-21	Paulo	5	6	12.0	72.0	42.0		
454	2025-07-09	Ana	2	8	15.0	120.0	80.0		
455	2025-09-21	Fernanda	1	7	10.0	70.0	42.0		
456	2025-12-06	Isabela	4	2	5.0	10.0	6.0		
457	2025-05-25	Manuela	2	1	15.0	15.0	10.0		
458	2025-06-25	Isabela	3	10	7.5	75.0	50.0		
459	2025-11-03	Ana	5	6	12.0	72.0	42.0		
460	2025-07-15	Igor	3	5	7.5	37.5	25.0		
461	2025-08-06	Paulo	5	7	12.0	84.0	49.0		
462	2025-04-03	Manuela	3	2	7.5	15.0	10.0		
463	2025-05-23	Maria	1	3	10.0	30.0	18.0		
464	2025-12-19	João	2	10	15.0	150.0	100.0		
465	2025-11-30	Maria	4	1	5.0	5.0	3.0		
466	2025-12-15	Paulo	2	8	15.0	120.0	80.0		
467	2025-05-09	Isabela	4	7	5.0	35.0	21.0		
468	2025-09-28	Igor	2	8	15.0	120.0	80.0		
469	2025-02-27	Gabriel	5	7	12.0	84.0	49.0		
470	2025-08-09	Fernanda	5	9	12.0	108.0	63.0		
471	2025-01-01	Isabela	2	3	15.0	45.0	30.0		
472	2025-12-16	Manuela	4	9	5.0	45.0	27.0		
473	2025-01-02	Maria	3	2	7.5	15.0	10.0		
474	2025-01-05	Paulo	2	7	15.0	105.0	70.0		
475	2025-10-21	Lucas	4	10	5.0	50.0	30.0		
476	2025-08-09	Fernanda	1	7	10.0	70.0	42.0		
477	2025-09-17	Isabela	3	3	7.5	22.5	15.0		
478	2025-09-10	Ana	2	7	15.0	105.0	70.0		
479	2025-06-27	Maria	2	9	15.0	135.0	90.0		
480	2025-09-10	Manuela	3	9	7.5	67.5	45.0		
481	2025-12-13	Isabela	4	1	5.0	5.0	3.0		
482	2025-09-25	Maria	5	8	12.0	96.0	56.0		
483	2025-05-18	Ana	1	8	10.0	80.0	48.0		
484	2025-04-10	Igor	4	3	5.0	15.0	9.0		
485	2025-06-30	Igor	5	6	12.0	72.0	42.0		
486	2025-12-12	Ana	3	4	7.5	30.0	20.0		
487	2025-10-12	Lucas	4	4	5.0	20.0	12.0		
488	2025-08-08	Igor	1	9	10.0	90.0	54.0		
489	2025-10-31	Maria	1	9	10.0	90.0	54.0		
490	2025-12-28	Maria	3	1	7.5	7.5	5.0		
491	2025-11-11	Igor	3	5	7.5	37.5	25.0		
492	2025-09-19	Paulo	5	4	12.0	48.0	28.0		
493	2025-10-26	Paulo	4	1	5.0	5.0	3.0		
494	2025-01-22	Paulo	2	4	15.0	60.0	40.0		
495	2025-02-03	Lucas	1	7	10.0	70.0	42.0		
496	2025-12-24	Ana	1	5	10.0	50.0	30.0		
497	2025-03-15	Gabriel	1	2	10.0	20.0	12.0		
498	2025-09-29	Fernanda	2	10	15.0	150.0	100.0		
499	2025-06-25	Lucas	5	5	12.0	60.0	35.0		
500	2025-06-17	Maria	2	6	15.0	90.0	60.0		
501	2025-01-19	Lucas	1	7	10.0	70.0	42.0		
502	2025-05-09	Fernanda	4	2	5.0	10.0	6.0		
503	2025-11-01	Paulo	3	6	7.5	45.0	30.0		
504	2025-07-16	Manuela	2	9	15.0	135.0	90.0		
505	2025-09-09	Paulo	3	4	7.5	30.0	20.0		
506	2025-08-17	Fernanda	2	4	15.0	60.0	40.0		
507	2025-03-31	Fernanda	3	2	7.5	15.0	10.0		
508	2025-01-14	Gabriel	4	5	5.0	25.0	15.0		
509	2025-10-08	Manuela	4	2	5.0	10.0	6.0		
510	2025-10-31	João	3	3	7.5	22.5	15.0		
511	2025-07-13	Paulo	4	10	5.0	50.0	30.0		
512	2025-11-20	Gabriel	5	8	12.0	96.0	56.0		
513	2025-06-16	Igor	2	2	15.0	30.0	20.0		
514	2025-12-17	Igor	2	1	15.0	15.0	10.0		
515	2025-10-24	João	2	5	15.0	75.0	50.0		
516	2025-12-21	João	3	5	7.5	37.5	25.0		
517	2025-06-28	Isabela	1	1	10.0	10.0	6.0		
518	2025-08-27	Igor	2	4	15.0	60.0	40.0		
519	2025-01-17	Fernanda	1	5	10.0	50.0	30.0		
520	2025-05-11	Lucas	4	2	5.0	10.0	6.0		
521	2025-03-26	Isabela	5	1	12.0	12.0	7.0		
522	2025-04-08	Paulo	1	9	10.0	90.0	54.0		
523	2025-07-13	Maria	1	5	10.0	50.0	30.0		
524	2025-05-01	Igor	4	8	5.0	40.0	24.0		
525	2025-01-22	Isabela	5	3	12.0	36.0	21.0		
526	2025-11-19	Lucas	3	1	7.5	7.5	5.0		
527	2025-02-13	Lucas	2	10	15.0	150.0	100.0		
528	2025-07-10	Manuela	2	4	15.0	60.0	40.0		
529	2025-01-06	Maria	5	6	12.0	72.0	42.0		
530	2025-11-09	Lucas	5	2	12.0	24.0	14.0		
531	2025-06-25	Gabriel	2	8	15.0	120.0	80.0		
532	2025-11-26	Isabela	2	5	15.0	75.0	50.0		
533	2025-01-11	Paulo	4	5	5.0	25.0	15.0		
534	2025-11-06	Ana	2	1	15.0	15.0	10.0		
535	2025-03-28	João	3	9	7.5	67.5	45.0		
536	2025-07-28	Manuela	5	4	12.0	48.0	28.0		
537	2025-11-14	Manuela	2	5	15.0	75.0	50.0		
538	2025-01-09	Igor	2	8	15.0	120.0	80.0		
539	2025-06-13	Manuela	1	3	10.0	30.0	18.0		
540	2025-12-02	Manuela	2	9	15.0	135.0	90.0		
541	2025-07-15	Isabela	2	9	15.0	135.0	90.0		
542	2025-03-17	João	3	4	7.5	30.0	20.0		
543	2025-12-31	Gabriel	3	4	7.5	30.0	20.0		
544	2025-03-21	Gabriel	2	4	15.0	60.0	40.0		
545	2025-02-09	Maria	2	5	15.0	75.0	50.0		
546	2025-07-13	Paulo	5	10	12.0	120.0	70.0		
547	2025-09-08	Lucas	4	7	5.0	35.0	21.0		
548	2025-12-05	Igor	5	8	12.0	96.0	56.0		
549	2025-04-11	Ana	2	6	15.0	90.0	60.0		
550	2025-01-17	Lucas	5	3	12.0	36.0	21.0		
551	2025-06-15	Manuela	3	4	7.5	30.0	20.0		
552	2025-10-26	Gabriel	2	2	15.0	30.0	20.0		
553	2025-04-25	Manuela	5	2	12.0	24.0	14.0		
554	2025-05-13	Isabela	2	9	15.0	135.0	90.0		
555	2025-08-13	Igor	4	10	5.0	50.0	30.0		
556	2025-02-10	João	5	9	12.0	108.0	63.0		
557	2025-08-29	Gabriel	3	2	7.5	15.0	10.0		
558	2025-09-13	Lucas	2	10	15.0	150.0	100.0		
559	2025-11-24	Lucas	2	7	15.0	105.0	70.0		
560	2025-04-18	João	5	8	12.0	96.0	56.0		
561	2025-11-12	Isabela	5	5	12.0	60.0	35.0		
562	2025-03-26	João	4	1	5.0	5.0	3.0		
563	2025-10-21	Maria	4	5	5.0	25.0	15.0		
564	2025-04-17	Gabriel	4	1	5.0	5.0	3.0		
565	2025-12-17	Paulo	4	7	5.0	35.0	21.0		
566	2025-04-29	Fernanda	3	7	7.5	52.5	35.0		
567	2025-10-14	Gabriel	2	4	15.0	60.0	40.0		
568	2025-02-09	Paulo	5	6	12.0	72.0	42.0		
569	2025-09-19	Paulo	4	4	5.0	20.0	12.0		
570	2025-05-08	Paulo	5	8	12.0	96.0	56.0		
571	2025-11-19	Paulo	2	1	15.0	15.0	10.0		
572	2025-05-08	João	5	4	12.0	48.0	28.0		
573	2025-07-21	Ana	1	3	10.0	30.0	18.0		
574	2025-02-03	Lucas	1	9	10.0	90.0	54.0		
575	2025-07-14	Maria	5	10	12.0	120.0	70.0		
576	2025-06-15	Paulo	1	3	10.0	30.0	18.0		
577	2025-06-02	Igor	3	3	7.5	22.5	15.0		
578	2025-08-28	Maria	2	4	15.0	60.0	40.0		
579	2025-10-25	Maria	1	1	10.0	10.0	6.0		
580	2025-03-27	Maria	2	1	15.0	15.0	10.0		
581	2025-05-22	João	1	4	10.0	40.0	24.0		
582	2025-03-18	João	2	8	15.0	120.0	80.0		
583	2025-06-19	Ana	1	1	10.0	10.0	6.0		
584	2025-09-27	Igor	3	4	7.5	30.0	20.0		
585	2025-12-24	Manuela	2	5	15.0	75.0	50.0		
586	2025-05-07	Ana	3	6	7.5	45.0	30.0		
587	2025-02-27	Fernanda	2	9	15.0	135.0	90.0		
588	2025-08-18	Fernanda	1	5	10.0	50.0	30.0		
589	2025-08-28	Paulo	5	1	12.0	12.0	7.0		
590	2025-08-30	Igor	1	5	10.0	50.0	30.0		
591	2025-02-18	Fernanda	4	6	5.0	30.0	18.0		
592	2025-05-21	Fernanda	2	2	15.0	30.0	20.0		
593	2025-11-08	João	4	3	5.0	15.0	9.0		
594	2025-07-09	Paulo	3	3	7.5	22.5	15.0		
595	2025-06-15	Manuela	5	3	12.0	36.0	21.0		
596	2025-03-19	Isabela	1	5	10.0	50.0	30.0		
597	2025-08-16	Igor	3	9	7.5	67.5	45.0		
598	2025-01-30	Lucas	2	10	15.0	150.0	100.0		
599	2025-09-20	Paulo	1	10	10.0	100.0	60.0		
600	2025-11-12	Fernanda	2	4	15.0	60.0	40.0		
601	2025-06-16	Fernanda	4	3	5.0	15.0	9.0		
602	2025-10-04	João	4	5	5.0	25.0	15.0		
603	2025-04-21	Fernanda	5	3	12.0	36.0	21.0		
604	2025-01-21	Manuela	5	10	12.0	120.0	70.0		
605	2025-08-12	Maria	1	2	10.0	20.0	12.0		
606	2025-12-16	João	4	5	5.0	25.0	15.0		
607	2025-03-22	Ana	3	3	7.5	22.5	15.0		
608	2025-04-28	Igor	1	7	10.0	70.0	42.0		
609	2025-02-11	Ana	5	6	12.0	72.0	42.0		
610	2025-03-29	Isabela	5	6	12.0	72.0	42.0		
611	2025-11-16	Fernanda	4	6	5.0	30.0	18.0		
612	2025-03-26	Isabela	2	9	15.0	135.0	90.0		
613	2025-01-23	Igor	5	9	12.0	108.0	63.0		
614	2025-09-16	Fernanda	1	3	10.0	30.0	18.0		
615	2025-03-12	Gabriel	3	8	7.5	60.0	40.0		
616	2025-04-29	Manuela	1	7	10.0	70.0	42.0		
617	2025-10-01	Gabriel	2	9	15.0	135.0	90.0		
618	2025-09-18	Gabriel	1	8	10.0	80.0	48.0		
619	2025-11-13	Manuela	1	8	10.0	80.0	48.0		
620	2025-08-06	Maria	3	2	7.5	15.0	10.0		
621	2025-07-11	Manuela	2	3	15.0	45.0	30.0		
622	2025-12-10	Isabela	5	1	12.0	12.0	7.0		
623	2025-01-14	Paulo	4	1	5.0	5.0	3.0		
624	2025-12-11	Fernanda	4	6	5.0	30.0	18.0		
625	2025-09-13	Fernanda	5	9	12.0	108.0	63.0		
626	2025-01-03	Lucas	2	7	15.0	105.0	70.0		
627	2025-08-02	Gabriel	4	5	5.0	25.0	15.0		
628	2025-03-19	Lucas	1	7	10.0	70.0	42.0		
629	2025-01-26	Manuela	2	8	15.0	120.0	80.0		
630	2025-08-21	Manuela	3	7	7.5	52.5	35.0		
631	2025-11-21	Manuela	5	7	12.0	84.0	49.0		
632	2025-02-19	Fernanda	5	3	12.0	36.0	21.0		
633	2025-04-17	Ana	3	1	7.5	7.5	5.0		
634	2025-06-19	Manuela	1	3	10.0	30.0	18.0		
635	2025-06-22	Fernanda	3	9	7.5	67.5	45.0		
636	2025-03-24	Manuela	1	6	10.0	60.0	36.0		
637	2025-04-21	Lucas	4	1	5.0	5.0	3.0		
638	2025-03-04	Paulo	2	5	15.0	75.0	50.0		
639	2025-03-27	Manuela	5	9	12.0	108.0	63.0		
640	2025-11-08	Paulo	1	4	10.0	40.0	24.0		
641	2025-08-22	Maria	5	7	12.0	84.0	49.0		
642	2025-05-15	Fernanda	5	5	12.0	60.0	35.0		
643	2025-01-19	Isabela	1	9	10.0	90.0	54.0		
644	2025-09-30	Isabela	5	9	12.0	108.0	63.0		
645	2025-04-01	João	2	2	15.0	30.0	20.0		
646	2025-07-07	Ana	1	4	10.0	40.0	24.0		
647	2025-12-04	Paulo	2	2	15.0	30.0	20.0		
648	2025-12-07	Ana	3	6	7.5	45.0	30.0		
649	2025-02-11	Igor	3	6	7.5	45.0	30.0		
650	2025-09-25	Lucas	1	9	10.0	90.0	54.0		
651	2025-12-20	Ana	5	9	12.0	108.0	63.0		
652	2025-08-06	Ana	2	3	15.0	45.0	30.0		
653	2025-10-08	Lucas	2	2	15.0	30.0	20.0		
654	2025-08-03	Maria	3	6	7.5	45.0	30.0		
655	2025-05-09	Fernanda	2	6	15.0	90.0	60.0		
656	2025-10-17	Manuela	3	3	7.5	22.5	15.0		
657	2025-12-31	Gabriel	4	2	5.0	10.0	6.0		
658	2025-06-18	Lucas	4	3	5.0	15.0	9.0		
659	2025-11-14	Maria	3	3	7.5	22.5	15.0		
660	2025-01-11	Fernanda	5	9	12.0	108.0	63.0		
661	2025-10-26	Paulo	5	10	12.0	120.0	70.0		
662	2025-06-10	Isabela	1	3	10.0	30.0	18.0		
663	2025-07-11	Igor	2	4	15.0	60.0	40.0		
664	2025-04-20	Ana	5	7	12.0	84.0	49.0		
665	2025-11-08	Manuela	3	10	7.5	75.0	50.0		
666	2025-03-16	Maria	4	1	5.0	5.0	3.0		
667	2025-01-04	Isabela	4	3	5.0	15.0	9.0		
668	2025-12-29	Isabela	2	1	15.0	15.0	10.0		
669	2025-04-20	Maria	3	8	7.5	60.0	40.0		
670	2025-06-11	Fernanda	3	10	7.5	75.0	50.0		
671	2025-06-11	Ana	3	3	7.5	22.5	15.0		
672	2025-12-09	Fernanda	3	2	7.5	15.0	10.0		
673	2025-09-21	Fernanda	5	3	12.0	36.0	21.0		
674	2025-05-22	Isabela	5	3	12.0	36.0	21.0		
675	2025-05-13	Ana	4	10	5.0	50.0	30.0		
676	2025-09-30	Ana	2	9	15.0	135.0	90.0		
677	2025-04-21	Ana	1	3	10.0	30.0	18.0		
678	2025-12-27	Maria	5	8	12.0	96.0	56.0		
679	2025-11-05	Gabriel	3	6	7.5	45.0	30.0		
680	2025-03-05	Manuela	1	4	10.0	40.0	24.0		
681	2025-08-14	Paulo	2	1	15.0	15.0	10.0		
682	2025-06-07	Igor	4	9	5.0	45.0	27.0		
683	2025-01-25	Lucas	4	3	5.0	15.0	9.0		
684	2025-02-25	Manuela	2	6	15.0	90.0	60.0		
685	2025-09-04	Ana	5	5	12.0	60.0	35.0		
686	2025-02-17	Fernanda	2	3	15.0	45.0	30.0		
687	2025-06-30	Gabriel	2	9	15.0	135.0	90.0		
688	2025-06-15	Fernanda	4	7	5.0	35.0	21.0		
689	2025-02-23	Isabela	3	5	7.5	37.5	25.0		
690	2025-02-21	Paulo	4	9	5.0	45.0	27.0		
691	2025-04-09	Lucas	4	3	5.0	15.0	9.0		
692	2025-11-10	Igor	2	9	15.0	135.0	90.0		
693	2025-08-13	Ana	4	9	5.0	45.0	27.0		
694	2025-03-31	Fernanda	3	4	7.5	30.0	20.0		
695	2025-07-19	Paulo	5	4	12.0	48.0	28.0		
696	2025-11-07	Ana	2	2	15.0	30.0	20.0		
697	2025-05-17	Isabela	5	7	12.0	84.0	49.0		
698	2025-08-19	Maria	5	3	12.0	36.0	21.0		
699	2025-07-07	Ana	4	8	5.0	40.0	24.0		
700	2025-06-01	Maria	1	9	10.0	90.0	54.0		
701	2025-11-19	João	3	10	7.5	75.0	50.0		
702	2025-10-27	Paulo	5	8	12.0	96.0	56.0		
703	2025-02-24	Isabela	5	3	12.0	36.0	21.0		
704	2025-06-06	Isabela	5	2	12.0	24.0	14.0		
705	2025-05-19	João	5	6	12.0	72.0	42.0		
706	2025-01-31	Lucas	4	9	5.0	45.0	27.0		
707	2025-05-20	Lucas	5	6	12.0	72.0	42.0		
708	2025-02-28	Igor	3	7	7.5	52.5	35.0		
709	2025-04-12	Isabela	5	8	12.0	96.0	56.0		
710	2025-03-07	João	2	10	15.0	150.0	100.0		
711	2025-07-06	Fernanda	3	2	7.5	15.0	10.0		
712	2025-12-02	Ana	2	10	15.0	150.0	100.0		
713	2025-07-05	Manuela	3	1	7.5	7.5	5.0		
714	2025-03-04	Lucas	3	9	7.5	67.5	45.0		
715	2025-01-15	Isabela	3	10	7.5	75.0	50.0		
716	2025-11-01	Isabela	2	10	15.0	150.0	100.0		
717	2025-02-17	Lucas	5	1	12.0	12.0	7.0		
718	2025-11-17	Igor	2	8	15.0	120.0	80.0		
719	2025-06-21	João	1	3	10.0	30.0	18.0		
720	2025-04-02	Isabela	1	6	10.0	60.0	36.0		
721	2025-03-12	Ana	1	5	10.0	50.0	30.0		
722	2025-08-19	Manuela	2	7	15.0	105.0	70.0		
723	2025-01-26	Ana	5	4	12.0	48.0	28.0		
724	2025-07-17	Igor	4	10	5.0	50.0	30.0		
725	2025-10-17	Paulo	1	4	10.0	40.0	24.0		
726	2025-01-19	João	2	5	15.0	75.0	50.0		
727	2025-07-01	Igor	4	6	5.0	30.0	18.0		
728	2025-12-10	Fernanda	4	5	5.0	25.0	15.0		
729	2025-08-19	Isabela	1	3	10.0	30.0	18.0		
730	2025-06-05	João	3	10	7.5	75.0	50.0		
731	2025-08-22	João	5	10	12.0	120.0	70.0		
732	2025-04-28	Igor	5	3	12.0	36.0	21.0		
733	2025-09-21	Igor	4	8	5.0	40.0	24.0		
734	2025-11-10	João	4	1	5.0	5.0	3.0		
735	2025-12-01	Fernanda	1	2	10.0	20.0	12.0		
736	2025-05-06	Maria	5	5	12.0	60.0	35.0		
737	2025-08-12	Lucas	4	3	5.0	15.0	9.0		
738	2025-05-24	Igor	2	5	15.0	75.0	50.0		
739	2025-10-04	Isabela	1	8	10.0	80.0	48.0		
740	2025-09-28	Igor	1	8	10.0	80.0	48.0		
741	2025-02-19	Igor	1	3	10.0	30.0	18.0		
742	2025-11-12	João	2	10	15.0	150.0	100.0		
743	2025-06-16	João	3	7	7.5	52.5	35.0		
744	2025-01-07	Gabriel	5	6	12.0	72.0	42.0		
745	2025-01-05	Manuela	4	6	5.0	30.0	18.0		
746	2025-03-15	Manuela	3	7	7.5	52.5	35.0		
747	2025-01-09	Ana	4	5	5.0	25.0	15.0		
748	2025-05-07	Gabriel	4	4	5.0	20.0	12.0		
749	2025-08-27	Fernanda	4	9	5.0	45.0	27.0		
750	2025-07-04	Maria	3	3	7.5	22.5	15.0		
751	2025-05-11	João	5	3	12.0	36.0	21.0		
752	2025-10-27	Maria	5	10	12.0	120.0	70.0		
753	2025-06-07	Lucas	1	5	10.0	50.0	30.0		
754	2025-11-12	Paulo	1	3	10.0	30.0	18.0		
755	2025-02-27	Lucas	1	5	10.0	50.0	30.0		
756	2025-09-30	Lucas	5	8	12.0	96.0	56.0		
757	2025-10-31	Paulo	4	7	5.0	35.0	21.0		
758	2025-04-06	Ana	1	3	10.0	30.0	18.0		
759	2025-01-03	Manuela	2	4	15.0	60.0	40.0		
760	2025-08-22	João	4	6	5.0	30.0	18.0		
761	2025-04-06	Maria	3	10	7.5	75.0	50.0		
762	2025-07-11	Lucas	2	8	15.0	120.0	80.0		
763	2025-01-17	João	1	8	10.0	80.0	48.0		
764	2025-03-05	Fernanda	2	3	15.0	45.0	30.0		
765	2025-01-24	Paulo	4	5	5.0	25.0	15.0		
766	2025-01-13	Gabriel	1	5	10.0	50.0	30.0		
767	2025-01-07	Isabela	2	9	15.0	135.0	90.0		
768	2025-11-10	Fernanda	1	8	10.0	80.0	48.0		
769	2025-02-05	Maria	1	3	10.0	30.0	18.0		
770	2025-05-16	Ana	4	10	5.0	50.0	30.0		
771	2025-06-17	Ana	1	5	10.0	50.0	30.0		
772	2025-10-10	Isabela	5	1	12.0	12.0	7.0		
773	2025-02-17	Isabela	5	1	12.0	12.0	7.0		
774	2025-08-12	Igor	5	4	12.0	48.0	28.0		
775	2025-10-16	Maria	2	9	15.0	135.0	90.0		
776	2025-02-12	João	2	7	15.0	105.0	70.0		
777	2025-10-29	Manuela	2	2	15.0	30.0	20.0		
778	2025-02-22	Maria	2	10	15.0	150.0	100.0		
779	2025-09-24	Igor	3	1	7.5	7.5	5.0		
780	2025-02-24	Lucas	3	10	7.5	75.0	50.0		
781	2025-06-05	Igor	2	2	15.0	30.0	20.0		
782	2025-06-05	João	4	7	5.0	35.0	21.0		
783	2025-05-02	Gabriel	3	1	7.5	7.5	5.0		
784	2025-02-28	Igor	1	5	10.0	50.0	30.0		
785	2025-03-07	Manuela	4	2	5.0	10.0	6.0		
786	2025-11-17	Lucas	2	1	15.0	15.0	10.0		
787	2025-06-05	Fernanda	2	5	15.0	75.0	50.0		
788	2025-01-17	Fernanda	2	6	15.0	90.0	60.0		
789	2025-10-05	Lucas	1	9	10.0	90.0	54.0		
790	2025-08-24	Isabela	1	9	10.0	90.0	54.0		
791	2025-03-15	Gabriel	3	7	7.5	52.5	35.0		
792	2025-10-31	Isabela	4	2	5.0	10.0	6.0		
793	2025-07-18	Isabela	2	6	15.0	90.0	60.0		
794	2025-06-11	Lucas	5	5	12.0	60.0	35.0		
795	2025-02-05	Lucas	2	2	15.0	30.0	20.0		
796	2025-11-05	Manuela	2	9	15.0	135.0	90.0		
797	2025-11-08	Lucas	3	4	7.5	30.0	20.0		
798	2025-08-25	Ana	2	9	15.0	135.0	90.0		
799	2025-05-20	Gabriel	2	1	15.0	15.0	10.0		
800	2025-08-20	Maria	3	8	7.5	60.0	40.0		
801	2025-04-26	Paulo	4	3	5.0	15.0	9.0		
802	2025-12-13	Igor	1	9	10.0	90.0	54.0		
803	2025-09-17	Gabriel	2	3	15.0	45.0	30.0		
804	2025-08-15	Paulo	1	8	10.0	80.0	48.0		
805	2025-04-15	Lucas	4	2	5.0	10.0	6.0		
806	2025-06-22	Ana	3	1	7.5	7.5	5.0		
807	2025-06-03	Manuela	1	1	10.0	10.0	6.0		
808	2025-03-26	Manuela	5	3	12.0	36.0	21.0		
809	2025-08-10	Manuela	1	8	10.0	80.0	48.0		
810	2025-05-13	Gabriel	1	7	10.0	70.0	42.0		
811	2025-06-02	Manuela	5	2	12.0	24.0	14.0		
812	2025-09-18	Lucas	3	6	7.5	45.0	30.0		
813	2025-05-09	Igor	3	2	7.5	15.0	10.0		
814	2025-06-23	Paulo	1	9	10.0	90.0	54.0		
815	2025-07-22	Maria	1	8	10.0	80.0	48.0		
816	2025-02-23	Gabriel	5	4	12.0	48.0	28.0		
817	2025-11-25	Manuela	1	6	10.0	60.0	36.0		
818	2025-04-02	Gabriel	3	1	7.5	7.5	5.0		
819	2025-12-16	Lucas	2	7	15.0	105.0	70.0		
820	2025-05-12	Manuela	4	6	5.0	30.0	18.0		
821	2025-08-27	João	1	9	10.0	90.0	54.0		
822	2025-07-08	Ana	2	4	15.0	60.0	40.0		
823	2025-02-15	Paulo	2	8	15.0	120.0	80.0		
824	2025-08-09	Igor	1	9	10.0	90.0	54.0		
825	2025-12-01	Fernanda	1	2	10.0	20.0	12.0		
826	2025-02-23	Manuela	2	2	15.0	30.0	20.0		
827	2025-05-26	Lucas	2	4	15.0	60.0	40.0		
828	2025-05-27	Igor	5	5	12.0	60.0	35.0		
829	2025-12-08	João	5	6	12.0	72.0	42.0		
830	2025-03-27	Paulo	3	10	7.5	75.0	50.0		
831	2025-01-10	Maria	1	3	10.0	30.0	18.0		
832	2025-10-27	Fernanda	3	5	7.5	37.5	25.0		
833	2025-06-17	Ana	3	10	7.5	75.0	50.0		
834	2025-12-20	Isabela	5	1	12.0	12.0	7.0		
835	2025-11-10	Isabela	5	5	12.0	60.0	35.0		
836	2025-03-03	Gabriel	5	7	12.0	84.0	49.0		
837	2025-02-13	Igor	4	8	5.0	40.0	24.0		
838	2025-01-02	Fernanda	5	3	12.0	36.0	21.0		
839	2025-06-03	Maria	1	4	10.0	40.0	24.0		
840	2025-04-03	Igor	5	6	12.0	72.0	42.0		
841	2025-05-31	Gabriel	1	7	10.0	70.0	42.0		
842	2025-12-17	Lucas	3	2	7.5	15.0	10.0		
843	2025-02-24	Igor	1	3	10.0	30.0	18.0		
844	2025-05-11	Fernanda	5	10	12.0	120.0	70.0		
845	2025-02-15	Maria	3	2	7.5	15.0	10.0		
846	2025-08-25	Ana	2	7	15.0	105.0	70.0		
847	2025-11-10	Igor	5	5	12.0	60.0	35.0		
848	2025-07-26	Fernanda	5	2	12.0	24.0	14.0		
849	2025-02-20	Fernanda	4	8	5.0	40.0	24.0		
850	2025-01-31	Isabela	3	7	7.5	52.5	35.0		
851	2025-07-02	Manuela	1	5	10.0	50.0	30.0		
852	2025-10-16	Maria	2	8	15.0	120.0	80.0		
853	2025-04-03	Igor	1	5	10.0	50.0	30.0		
854	2025-10-03	João	2	9	15.0	135.0	90.0		
855	2025-06-28	Gabriel	5	8	12.0	96.0	56.0		
856	2025-11-30	Gabriel	1	7	10.0	70.0	42.0		
857	2025-07-08	Gabriel	1	1	10.0	10.0	6.0		
858	2025-11-13	Igor	2	7	15.0	105.0	70.0		
859	2025-07-22	Fernanda	2	5	15.0	75.0	50.0		
860	2025-08-13	Isabela	3	8	7.5	60.0	40.0		
861	2025-07-12	Manuela	1	6	10.0	60.0	36.0		
862	2025-03-24	Fernanda	2	4	15.0	60.0	40.0		
863	2025-03-27	Ana	4	10	5.0	50.0	30.0		
864	2025-10-05	João	3	6	7.5	45.0	30.0		
865	2025-12-29	Maria	1	2	10.0	20.0	12.0		
866	2025-04-12	Igor	3	5	7.5	37.5	25.0		
867	2025-05-01	Fernanda	5	9	12.0	108.0	63.0		
868	2025-05-06	Maria	3	5	7.5	37.5	25.0		
869	2025-05-17	Maria	1	2	10.0	20.0	12.0		
870	2025-07-06	Paulo	5	10	12.0	120.0	70.0		
871	2025-12-20	Gabriel	3	4	7.5	30.0	20.0		
872	2025-10-23	João	2	9	15.0	135.0	90.0		
873	2025-11-14	Gabriel	3	2	7.5	15.0	10.0		
874	2025-02-13	Isabela	4	1	5.0	5.0	3.0		
875	2025-06-12	Gabriel	1	10	10.0	100.0	60.0		
876	2025-04-14	Gabriel	2	7	15.0	105.0	70.0		
877	2025-12-14	Fernanda	3	8	7.5	60.0	40.0		
878	2025-03-05	João	5	9	12.0	108.0	63.0		
879	2025-10-25	Paulo	2	6	15.0	90.0	60.0		
880	2025-09-23	Paulo	3	1	7.5	7.5	5.0		
881	2025-04-29	Paulo	4	10	5.0	50.0	30.0		
882	2025-03-19	Paulo	5	1	12.0	12.0	7.0		
883	2025-06-18	Paulo	2	8	15.0	120.0	80.0		
884	2025-07-27	João	1	6	10.0	60.0	36.0		
885	2025-06-02	Isabela	4	5	5.0	25.0	15.0		
886	2025-05-05	Lucas	1	9	10.0	90.0	54.0		
887	2025-01-21	Manuela	3	3	7.5	22.5	15.0		
888	2025-04-02	Gabriel	4	9	5.0	45.0	27.0		
889	2025-12-11	João	2	9	15.0	135.0	90.0		
890	2025-06-24	Gabriel	1	10	10.0	100.0	60.0		
891	2025-03-03	Ana	4	2	5.0	10.0	6.0		
892	2025-08-13	Gabriel	1	2	10.0	20.0	12.0		
893	2025-07-17	Igor	4	6	5.0	30.0	18.0		
894	2025-01-15	Lucas	3	2	7.5	15.0	10.0		
895	2025-08-21	Fernanda	2	1	15.0	15.0	10.0		
896	2025-01-31	João	3	10	7.5	75.0	50.0		
897	2025-04-14	Paulo	4	4	5.0	20.0	12.0		
898	2025-02-03	Gabriel	2	8	15.0	120.0	80.0		
899	2025-08-31	João	1	2	10.0	20.0	12.0		
900	2025-05-22	Lucas	4	8	5.0	40.0	24.0		
901	2025-07-06	Fernanda	3	3	7.5	22.5	15.0		
902	2025-09-02	Maria	3	10	7.5	75.0	50.0		
903	2025-08-06	Paulo	4	6	5.0	30.0	18.0		
904	2025-06-25	Manuela	2	10	15.0	150.0	100.0		
905	2025-02-24	Manuela	5	4	12.0	48.0	28.0		
906	2025-07-15	Gabriel	2	1	15.0	15.0	10.0		
907	2025-11-19	Paulo	5	8	12.0	96.0	56.0		
908	2025-02-18	Fernanda	1	3	10.0	30.0	18.0		
909	2025-06-17	Paulo	1	9	10.0	90.0	54.0		
910	2025-11-09	Isabela	2	10	15.0	150.0	100.0		
911	2025-08-14	Manuela	3	2	7.5	15.0	10.0		
912	2025-10-16	Ana	4	2	5.0	10.0	6.0		
913	2025-01-06	Manuela	3	3	7.5	22.5	15.0		
914	2025-11-04	Ana	4	7	5.0	35.0	21.0		
915	2025-05-31	João	2	1	15.0	15.0	10.0		
916	2025-03-23	João	3	3	7.5	22.5	15.0		
917	2025-06-02	Gabriel	3	8	7.5	60.0	40.0		
918	2025-04-28	Isabela	4	6	5.0	30.0	18.0		
919	2025-07-24	Ana	4	7	5.0	35.0	21.0		
920	2025-10-16	Igor	4	4	5.0	20.0	12.0		
921	2025-10-03	Maria	2	7	15.0	105.0	70.0		
922	2025-07-01	Fernanda	1	1	10.0	10.0	6.0		
923	2025-07-12	Gabriel	4	7	5.0	35.0	21.0		
924	2025-12-13	Fernanda	5	1	12.0	12.0	7.0		
925	2025-11-10	Lucas	5	4	12.0	48.0	28.0		
926	2025-09-06	Manuela	2	8	15.0	120.0	80.0		
927	2025-04-11	Manuela	1	3	10.0	30.0	18.0		
928	2025-05-14	Ana	1	7	10.0	70.0	42.0		
929	2025-01-02	Igor	1	6	10.0	60.0	36.0		
930	2025-05-29	Manuela	5	10	12.0	120.0	70.0		
931	2025-04-08	Gabriel	3	3	7.5	22.5	15.0		
932	2025-11-20	Maria	3	6	7.5	45.0	30.0		
933	2025-06-25	Maria	1	8	10.0	80.0	48.0		
934	2025-02-02	Gabriel	2	9	15.0	135.0	90.0		
935	2025-11-26	Igor	4	5	5.0	25.0	15.0		
936	2025-08-30	Maria	2	10	15.0	150.0	100.0		
937	2025-07-04	Paulo	2	8	15.0	120.0	80.0		
938	2025-05-15	Manuela	1	1	10.0	10.0	6.0		
939	2025-10-23	Igor	4	9	5.0	45.0	27.0		
940	2025-02-22	Gabriel	2	2	15.0	30.0	20.0		
941	2025-03-14	Igor	3	3	7.5	22.5	15.0		
942	2025-05-11	Lucas	5	3	12.0	36.0	21.0		
943	2025-08-15	Ana	1	4	10.0	40.0	24.0		
944	2025-05-10	Fernanda	3	3	7.5	22.5	15.0		
945	2025-08-22	Igor	3	2	7.5	15.0	10.0		
946	2025-05-26	Isabela	2	6	15.0	90.0	60.0		
947	2025-11-16	Isabela	2	5	15.0	75.0	50.0		
948	2025-02-19	João	3	3	7.5	22.5	15.0		
949	2025-08-11	Maria	2	5	15.0	75.0	50.0		
950	2025-12-10	João	5	1	12.0	12.0	7.0		
951	2025-10-12	Fernanda	4	3	5.0	15.0	9.0		
952	2025-12-21	Maria	2	3	15.0	45.0	30.0		
953	2025-02-26	Ana	1	6	10.0	60.0	36.0		
954	2025-06-06	João	2	10	15.0	150.0	100.0		
955	2025-01-25	Paulo	4	7	5.0	35.0	21.0		
956	2025-02-09	Fernanda	4	5	5.0	25.0	15.0		
957	2025-02-16	Paulo	2	6	15.0	90.0	60.0		
958	2025-11-13	Manuela	3	9	7.5	67.5	45.0		
959	2025-04-16	Isabela	4	5	5.0	25.0	15.0		
960	2025-06-11	João	5	5	12.0	60.0	35.0		
961	2025-04-23	Paulo	4	3	5.0	15.0	9.0		
962	2025-08-23	Lucas	3	7	7.5	52.5	35.0		
963	2025-05-19	Isabela	5	3	12.0	36.0	21.0		
964	2025-07-10	Paulo	1	4	10.0	40.0	24.0		
965	2025-05-06	João	2	9	15.0	135.0	90.0		
966	2025-05-20	Fernanda	2	4	15.0	60.0	40.0		
967	2025-10-13	Manuela	4	3	5.0	15.0	9.0		
968	2025-06-23	Manuela	3	1	7.5	7.5	5.0		
969	2025-11-13	João	1	10	10.0	100.0	60.0		
970	2025-11-13	Isabela	4	9	5.0	45.0	27.0		
971	2025-02-18	Paulo	1	3	10.0	30.0	18.0		
972	2025-01-28	Manuela	1	4	10.0	40.0	24.0		
973	2025-06-04	Isabela	1	6	10.0	60.0	36.0		
974	2025-04-16	Manuela	5	6	12.0	72.0	42.0		
975	2025-06-03	Igor	4	3	5.0	15.0	9.0		
976	2025-12-13	Igor	2	4	15.0	60.0	40.0		
977	2025-08-02	Ana	1	2	10.0	20.0	12.0		
978	2025-05-03	Isabela	3	6	7.5	45.0	30.0		
979	2025-04-23	Paulo	3	4	7.5	30.0	20.0		
980	2025-02-13	Lucas	5	6	12.0	72.0	42.0		
981	2025-03-27	Gabriel	4	6	5.0	30.0	18.0		
982	2025-12-27	Lucas	3	9	7.5	67.5	45.0		
983	2025-11-08	João	4	4	5.0	20.0	12.0		
984	2025-08-04	Paulo	5	4	12.0	48.0	28.0		
985	2025-10-20	Manuela	4	2	5.0	10.0	6.0		
986	2025-02-04	Igor	4	2	5.0	10.0	6.0		
987	2025-04-17	Fernanda	3	3	7.5	22.5	15.0		
988	2025-01-01	João	3	1	7.5	7.5	5.0		
989	2025-11-01	Gabriel	2	2	15.0	30.0	20.0		
990	2025-08-27	Isabela	2	7	15.0	105.0	70.0		
991	2025-02-07	Isabela	4	7	5.0	35.0	21.0		
992	2025-07-20	Ana	1	5	10.0	50.0	30.0		
993	2025-07-19	Gabriel	4	5	5.0	25.0	15.0		
994	2025-07-22	Maria	2	6	15.0	90.0	60.0		
995	2025-01-17	Isabela	4	1	5.0	5.0	3.0		
996	2025-11-18	Lucas	4	4	5.0	20.0	12.0		
997	2025-01-31	Lucas	5	6	12.0	72.0	42.0		
998	2025-04-03	Ana	2	4	15.0	60.0	40.0		
999	2025-02-20	Ana	5	1	12.0	12.0	7.0		
1000	2025-10-18	Paulo	3	5	7.5	37.5	25.0		
1001	2025-05-26	João	5	6	12.0	72.0	42.0		
1002	2025-08-26	João	1	5	10.0	50.0	30.0		
1003	2025-09-12	Fernanda	5	9	12.0	108.0	63.0		
1004	2025-05-04	Paulo	3	2	7.5	15.0	10.0		
1005	2025-02-08	Isabela	5	9	12.0	108.0	63.0		
1006	2025-05-06	Igor	4	2	5.0	10.0	6.0		
1007	2025-04-17	Gabriel	4	2	5.0	10.0	6.0		
1008	2025-03-24	Ana	2	4	15.0	60.0	40.0		
1009	2025-04-07	Manuela	2	10	15.0	150.0	100.0		
1010	2025-03-30	Isabela	4	10	5.0	50.0	30.0		
1011	2025-03-27	Paulo	3	5	7.5	37.5	25.0		
1012	2025-12-23	Ana	3	3	7.5	22.5	15.0		
1013	2025-09-29	Lucas	1	9	10.0	90.0	54.0		
1014	2025-05-27	Fernanda	3	10	7.5	75.0	50.0		
1015	2025-04-29	Ana	4	4	5.0	20.0	12.0		
1016	2025-02-20	Lucas	5	9	12.0	108.0	63.0		
1017	2025-11-12	Maria	2	3	15.0	45.0	30.0		
1018	2025-09-17	Isabela	1	1	10.0	10.0	6.0		
1019	2025-03-22	Igor	1	3	10.0	30.0	18.0		
1020	2025-05-21	João	3	8	7.5	60.0	40.0		
1021	2025-05-07	Fernanda	3	1	7.5	7.5	5.0		
1022	2025-06-18	Lucas	5	2	12.0	24.0	14.0		
1023	2025-06-10	Ana	4	10	5.0	50.0	30.0		
1024	2025-01-21	Manuela	3	5	7.5	37.5	25.0		
1025	2025-10-12	Gabriel	4	3	5.0	15.0	9.0		
1026	2025-03-25	Gabriel	3	9	7.5	67.5	45.0		
1027	2025-08-31	Ana	1	5	10.0	50.0	30.0		
1028	2025-11-04	Igor	4	9	5.0	45.0	27.0		
1029	2025-10-03	Maria	5	1	12.0	12.0	7.0		
1030	2025-11-27	Lucas	1	1	10.0	10.0	6.0		
1031	2025-06-16	Paulo	1	6	10.0	60.0	36.0		
1032	2025-05-14	Maria	2	5	15.0	75.0	50.0		
1033	2025-04-11	Igor	3	10	7.5	75.0	50.0		
1034	2025-03-31	Manuela	3	10	7.5	75.0	50.0		
1035	2025-08-29	Ana	4	9	5.0	45.0	27.0		
1036	2025-12-30	Ana	4	8	5.0	40.0	24.0		
1037	2025-11-23	Lucas	2	7	15.0	105.0	70.0		
1038	2025-07-30	Igor	5	10	12.0	120.0	70.0		
1039	2025-05-11	Igor	3	1	7.5	7.5	5.0		
1040	2025-11-19	Isabela	4	10	5.0	50.0	30.0		
1041	2025-12-27	João	3	10	7.5	75.0	50.0		
1042	2025-02-10	Isabela	3	2	7.5	15.0	10.0		
1043	2025-11-23	Isabela	1	8	10.0	80.0	48.0		
1044	2025-03-27	João	1	5	10.0	50.0	30.0		
1045	2025-05-26	Paulo	4	2	5.0	10.0	6.0		
1046	2025-10-30	João	2	3	15.0	45.0	30.0		
1047	2025-02-17	Gabriel	4	7	5.0	35.0	21.0		
1048	2025-06-14	Ana	2	6	15.0	90.0	60.0		
1049	2025-12-27	Ana	4	10	5.0	50.0	30.0		
1050	2025-11-26	Lucas	5	10	12.0	120.0	70.0		
1051	2025-08-28	Isabela	1	1	10.0	10.0	6.0		
1052	2025-03-28	Fernanda	2	7	15.0	105.0	70.0		
1053	2025-04-02	Fernanda	4	6	5.0	30.0	18.0		
1054	2025-08-26	Isabela	1	1	10.0	10.0	6.0		
1055	2025-08-08	Maria	5	8	12.0	96.0	56.0		
1056	2025-01-28	Igor	3	6	7.5	45.0	30.0		
1057	2025-12-17	Igor	2	6	15.0	90.0	60.0		
1058	2025-10-03	Lucas	5	9	12.0	108.0	63.0		
1059	2025-07-19	Manuela	4	3	5.0	15.0	9.0		
1060	2025-04-28	Fernanda	1	2	10.0	20.0	12.0		
1061	2025-11-30	João	1	1	10.0	10.0	6.0		
1062	2025-11-07	Manuela	1	2	10.0	20.0	12.0		
1063	2025-06-26	Maria	2	4	15.0	60.0	40.0		
1064	2025-11-09	Lucas	5	4	12.0	48.0	28.0		
1065	2025-02-12	Manuela	1	9	10.0	90.0	54.0		
1066	2025-09-28	Fernanda	5	6	12.0	72.0	42.0		
1067	2025-11-05	Manuela	2	2	15.0	30.0	20.0		
1068	2025-07-12	Igor	3	7	7.5	52.5	35.0		
1069	2025-03-02	Gabriel	5	2	12.0	24.0	14.0		
1070	2025-11-22	Gabriel	4	1	5.0	5.0	3.0		
1071	2025-12-23	Gabriel	1	2	10.0	20.0	12.0		
1072	2025-01-30	Isabela	3	2	7.5	15.0	10.0		
1073	2025-07-14	Igor	1	7	10.0	70.0	42.0		
1074	2025-03-23	Ana	5	5	12.0	60.0	35.0		
1075	2025-07-24	Lucas	2	3	15.0	45.0	30.0		
1076	2025-09-15	Isabela	1	8	10.0	80.0	48.0		
1077	2025-02-04	Maria	1	5	10.0	50.0	30.0		
1078	2025-01-03	Manuela	5	10	12.0	120.0	70.0		
1079	2025-05-15	Ana	2	4	15.0	60.0	40.0		
1080	2025-04-30	Igor	4	3	5.0	15.0	9.0		
1081	2025-06-24	Manuela	4	9	5.0	45.0	27.0		
1082	2025-09-24	Igor	4	2	5.0	10.0	6.0		
1083	2025-03-26	Ana	4	4	5.0	20.0	12.0		
1084	2025-09-23	Paulo	1	5	10.0	50.0	30.0		
1085	2025-10-22	Lucas	3	2	7.5	15.0	10.0		
1086	2025-04-07	Fernanda	4	1	5.0	5.0	3.0		
1087	2025-01-23	Isabela	1	2	10.0	20.0	12.0		
1088	2025-05-02	Isabela	3	10	7.5	75.0	50.0		
1089	2025-10-07	Maria	3	4	7.5	30.0	20.0		
1090	2025-07-06	Paulo	5	8	12.0	96.0	56.0		
1091	2025-05-08	João	4	10	5.0	50.0	30.0		
1092	2025-06-21	Igor	2	2	15.0	30.0	20.0		
1093	2025-11-07	Manuela	5	10	12.0	120.0	70.0		
1094	2025-03-16	Manuela	4	9	5.0	45.0	27.0		
1095	2025-08-27	Manuela	4	7	5.0	35.0	21.0		
1096	2025-05-02	Paulo	4	6	5.0	30.0	18.0		
1097	2025-07-22	Paulo	3	1	7.5	7.5	5.0		
1098	2025-09-23	Igor	2	6	15.0	90.0	60.0		
1099	2025-09-24	Igor	4	9	5.0	45.0	27.0		
1100	2025-07-19	Lucas	2	3	15.0	45.0	30.0		
1101	2025-10-16	Fernanda	4	1	5.0	5.0	3.0		
1102	2025-02-12	Ana	1	7	10.0	70.0	42.0		
1103	2025-08-16	Lucas	2	2	15.0	30.0	20.0		
1104	2025-10-04	Ana	3	10	7.5	75.0	50.0		
1105	2025-06-19	Paulo	2	8	15.0	120.0	80.0		
1106	2025-11-26	Gabriel	5	3	12.0	36.0	21.0		
1107	2025-08-26	Maria	3	6	7.5	45.0	30.0		
1108	2025-10-14	João	2	5	15.0	75.0	50.0		
1109	2025-04-20	Isabela	3	2	7.5	15.0	10.0		
1110	2025-06-13	Gabriel	4	10	5.0	50.0	30.0		
1111	2025-09-18	Gabriel	4	8	5.0	40.0	24.0		
1112	2025-08-06	Isabela	1	4	10.0	40.0	24.0		
1113	2025-06-28	Paulo	5	6	12.0	72.0	42.0		
1114	2025-10-04	Paulo	3	8	7.5	60.0	40.0		
1115	2025-01-16	Igor	1	9	10.0	90.0	54.0		
1116	2025-12-08	Isabela	4	6	5.0	30.0	18.0		
1117	2025-02-02	Ana	3	7	7.5	52.5	35.0		
1118	2025-08-30	João	1	2	10.0	20.0	12.0		
1119	2025-01-16	Manuela	3	6	7.5	45.0	30.0		
1120	2025-01-20	Manuela	1	8	10.0	80.0	48.0		
1121	2025-07-06	Lucas	5	3	12.0	36.0	21.0		
1122	2025-04-30	Manuela	1	3	10.0	30.0	18.0		
1123	2025-09-08	Igor	3	2	7.5	15.0	10.0		
1124	2025-11-06	Igor	2	2	15.0	30.0	20.0		
1125	2025-10-16	Lucas	2	8	15.0	120.0	80.0		
1126	2025-02-25	João	5	7	12.0	84.0	49.0		
1127	2025-12-10	Igor	4	8	5.0	40.0	24.0		
1128	2025-08-16	Manuela	4	7	5.0	35.0	21.0		
1129	2025-10-03	Isabela	1	7	10.0	70.0	42.0		
1130	2025-09-03	Maria	5	8	12.0	96.0	56.0		
1131	2025-03-21	Maria	3	2	7.5	15.0	10.0		
1132	2025-02-25	Paulo	4	5	5.0	25.0	15.0		
1133	2025-04-03	Manuela	5	6	12.0	72.0	42.0		
1134	2025-04-25	Igor	3	10	7.5	75.0	50.0		
1135	2025-08-07	Ana	4	10	5.0	50.0	30.0		
1136	2025-11-03	Igor	3	9	7.5	67.5	45.0		
1137	2025-04-30	João	4	5	5.0	25.0	15.0		
1138	2025-01-27	Fernanda	4	7	5.0	35.0	21.0		
1139	2025-02-11	Lucas	5	2	12.0	24.0	14.0		
1140	2025-03-15	Manuela	4	7	5.0	35.0	21.0		
1141	2025-12-31	Manuela	3	7	7.5	52.5	35.0		
1142	2025-10-05	Isabela	4	9	5.0	45.0	27.0		
1143	2025-07-21	Gabriel	4	8	5.0	40.0	24.0		
1144	2025-11-17	Manuela	2	6	15.0	90.0	60.0		
1145	2025-04-29	Maria	4	4	5.0	20.0	12.0		
1146	2025-08-16	João	5	1	12.0	12.0	7.0		
1147	2025-05-28	Lucas	3	3	7.5	22.5	15.0		
1148	2025-11-30	João	1	3	10.0	30.0	18.0		
1149	2025-03-29	Paulo	1	4	10.0	40.0	24.0		
1150	2025-03-09	João	4	7	5.0	35.0	21.0		
1151	2025-05-17	Igor	5	1	12.0	12.0	7.0		
1152	2025-11-11	Igor	5	9	12.0	108.0	63.0		
1153	2025-02-12	Manuela	4	6	5.0	30.0	18.0		
1154	2025-02-12	Paulo	5	10	12.0	120.0	70.0		
1155	2025-01-05	Manuela	3	2	7.5	15.0	10.0		
1156	2025-02-24	Manuela	3	5	7.5	37.5	25.0		
1157	2025-11-08	Isabela	4	7	5.0	35.0	21.0		
1158	2025-03-03	Paulo	2	5	15.0	75.0	50.0		
1159	2025-08-25	Maria	1	4	10.0	40.0	24.0		
1160	2025-05-25	Gabriel	4	1	5.0	5.0	3.0		
1161	2025-01-02	Isabela	3	3	7.5	22.5	15.0		
1162	2025-07-16	Gabriel	5	2	12.0	24.0	14.0		
1163	2025-01-10	Fernanda	4	8	5.0	40.0	24.0		
1164	2025-12-22	Manuela	3	8	7.5	60.0	40.0		
1165	2025-03-25	Maria	2	4	15.0	60.0	40.0		
1166	2025-10-23	Lucas	1	4	10.0	40.0	24.0		
1167	2025-01-18	Igor	3	2	7.5	15.0	10.0		
1168	2025-12-11	Ana	5	10	12.0	120.0	70.0		
1169	2025-01-10	Manuela	4	6	5.0	30.0	18.0		
1170	2025-04-23	Paulo	2	3	15.0	45.0	30.0		
1171	2025-01-10	Isabela	1	1	10.0	10.0	6.0		
1172	2025-05-13	João	4	2	5.0	10.0	6.0		
1173	2025-04-08	Igor	1	6	10.0	60.0	36.0		
1174	2025-10-09	Manuela	1	6	10.0	60.0	36.0		
1175	2025-04-28	Isabela	2	7	15.0	105.0	70.0		
1176	2025-05-18	Maria	5	3	12.0	36.0	21.0		
1177	2025-06-28	Lucas	1	9	10.0	90.0	54.0		
1178	2025-05-19	Isabela	2	8	15.0	120.0	80.0		
1179	2025-05-09	João	5	7	12.0	84.0	49.0		
1180	2025-07-12	Isabela	2	4	15.0	60.0	40.0		
1181	2025-08-21	Lucas	4	2	5.0	10.0	6.0		
1182	2025-09-14	Gabriel	1	3	10.0	30.0	18.0		
1183	2025-03-19	Maria	5	7	12.0	84.0	49.0		
1184	2025-09-16	Gabriel	2	5	15.0	75.0	50.0		
1185	2025-11-07	Igor	3	1	7.5	7.5	5.0		
1186	2025-01-19	Igor	2	5	15.0	75.0	50.0		
1187	2025-07-03	Igor	5	9	12.0	108.0	63.0		
1188	2025-02-06	Maria	2	6	15.0	90.0	60.0		
1189	2025-01-09	Isabela	1	5	10.0	50.0	30.0		
1190	2025-09-09	Gabriel	1	1	10.0	10.0	6.0		
1191	2025-07-27	Igor	3	7	7.5	52.5	35.0		
1192	2025-03-29	Gabriel	4	10	5.0	50.0	30.0		
1193	2025-01-21	Ana	1	5	10.0	50.0	30.0		
1194	2025-07-28	Igor	4	10	5.0	50.0	30.0		
1195	2025-06-28	Manuela	3	9	7.5	67.5	45.0		
1196	2025-04-23	Manuela	2	5	15.0	75.0	50.0		
1197	2025-02-02	Fernanda	4	7	5.0	35.0	21.0		
1198	2025-04-11	Isabela	5	1	12.0	12.0	7.0		
1199	2025-03-30	Lucas	2	7	15.0	105.0	70.0		
1200	2025-05-08	João	4	7	5.0	35.0	21.0		
1201	2025-05-27	Maria	3	3	7.5	22.5	15.0		
1202	2025-03-21	Isabela	1	4	10.0	40.0	24.0		
1203	2025-03-01	Ana	1	9	10.0	90.0	54.0		
1204	2025-06-05	Gabriel	5	1	12.0	12.0	7.0		
1205	2025-11-09	Manuela	4	7	5.0	35.0	21.0		
1206	2025-07-29	Isabela	4	7	5.0	35.0	21.0		
1207	2025-05-02	Paulo	5	1	12.0	12.0	7.0		
1208	2025-05-28	João	1	5	10.0	50.0	30.0		
1209	2025-12-09	Manuela	3	1	7.5	7.5	5.0		
1210	2025-12-31	João	3	2	7.5	15.0	10.0		
1211	2025-07-17	Maria	5	1	12.0	12.0	7.0		
1212	2025-10-09	João	3	1	7.5	7.5	5.0		
1213	2025-01-05	Paulo	2	1	15.0	15.0	10.0		
1214	2025-11-03	Isabela	2	10	15.0	150.0	100.0		
1215	2025-09-24	Fernanda	4	10	5.0	50.0	30.0		
1216	2025-12-21	João	5	10	12.0	120.0	70.0		
1217	2025-02-11	Paulo	3	10	7.5	75.0	50.0		
1218	2025-06-18	Gabriel	3	3	7.5	22.5	15.0		
1219	2025-02-17	Ana	1	10	10.0	100.0	60.0		
1220	2025-05-26	Gabriel	2	7	15.0	105.0	70.0		
1221	2025-12-09	João	1	3	10.0	30.0	18.0		
1222	2025-03-26	Lucas	2	2	15.0	30.0	20.0		
1223	2025-12-30	Lucas	1	6	10.0	60.0	36.0		
1224	2025-06-12	Igor	4	6	5.0	30.0	18.0		
1225	2025-05-02	Manuela	4	6	5.0	30.0	18.0		
1226	2025-11-09	Paulo	1	1	10.0	10.0	6.0		
1227	2025-10-25	Fernanda	4	4	5.0	20.0	12.0		
1228	2025-09-21	Paulo	4	8	5.0	40.0	24.0		
1229	2025-10-10	João	5	4	12.0	48.0	28.0		
1230	2025-07-23	Paulo	4	3	5.0	15.0	9.0		
1231	2025-08-25	João	2	2	15.0	30.0	20.0		
1232	2025-03-13	Manuela	4	7	5.0	35.0	21.0		
1233	2025-06-12	João	2	10	15.0	150.0	100.0		
1234	2025-09-28	Gabriel	2	7	15.0	105.0	70.0		
1235	2025-03-24	Lucas	4	4	5.0	20.0	12.0		
1236	2025-11-29	João	1	2	10.0	20.0	12.0		
1237	2025-04-17	Isabela	3	1	7.5	7.5	5.0		
1238	2025-01-09	Isabela	1	6	10.0	60.0	36.0		
1239	2025-10-15	Ana	5	1	12.0	12.0	7.0		
1240	2025-07-14	Fernanda	5	9	12.0	108.0	63.0		
1241	2025-09-12	Igor	1	3	10.0	30.0	18.0		
1242	2025-05-08	João	2	7	15.0	105.0	70.0		
1243	2025-03-03	Manuela	4	10	5.0	50.0	30.0		
1244	2025-03-28	Isabela	5	7	12.0	84.0	49.0		
1245	2025-03-01	Isabela	3	8	7.5	60.0	40.0		
1246	2025-11-10	Fernanda	5	5	12.0	60.0	35.0		
1247	2025-09-23	Maria	3	10	7.5	75.0	50.0		
1248	2025-10-26	Manuela	3	1	7.5	7.5	5.0		
1249	2025-03-31	João	2	2	15.0	30.0	20.0		
1250	2025-11-19	João	3	2	7.5	15.0	10.0		
1251	2025-01-06	Lucas	1	6	10.0	60.0	36.0		
1252	2025-01-31	Gabriel	2	7	15.0	105.0	70.0		
1253	2025-03-04	Ana	3	4	7.5	30.0	20.0		
1254	2025-03-15	Fernanda	1	6	10.0	60.0	36.0		
1255	2025-11-27	Maria	1	9	10.0	90.0	54.0		
1256	2025-05-17	Ana	2	5	15.0	75.0	50.0		
1257	2025-03-16	Paulo	1	3	10.0	30.0	18.0		
1258	2025-09-06	Igor	3	2	7.5	15.0	10.0		
1259	2025-07-18	Igor	4	7	5.0	35.0	21.0		
1260	2025-01-19	Fernanda	5	10	12.0	120.0	70.0		
1261	2025-03-19	Manuela	1	8	10.0	80.0	48.0		
1262	2025-03-13	Fernanda	1	1	10.0	10.0	6.0		
1263	2025-03-25	Paulo	4	10	5.0	50.0	30.0		
1264	2025-04-17	Lucas	3	2	7.5	15.0	10.0		
1265	2025-05-25	Gabriel	3	3	7.5	22.5	15.0		
1266	2025-05-25	Igor	4	4	5.0	20.0	12.0		
1267	2025-10-09	Gabriel	3	2	7.5	15.0	10.0		
1268	2025-07-12	Paulo	5	3	12.0	36.0	21.0		
1269	2025-05-22	João	4	1	5.0	5.0	3.0		
1270	2025-03-31	Igor	2	3	15.0	45.0	30.0		
1271	2025-05-13	Fernanda	3	5	7.5	37.5	25.0		
1272	2025-07-13	Ana	4	1	5.0	5.0	3.0		
1273	2025-07-19	João	4	5	5.0	25.0	15.0		
1274	2025-08-07	Gabriel	4	1	5.0	5.0	3.0		
1275	2025-08-03	Igor	3	6	7.5	45.0	30.0		
1276	2025-02-04	Maria	1	6	10.0	60.0	36.0		
1277	2025-04-25	Maria	4	3	5.0	15.0	9.0		
1278	2025-08-02	João	4	2	5.0	10.0	6.0		
1279	2025-03-13	Igor	1	3	10.0	30.0	18.0		
1280	2025-10-18	Igor	1	6	10.0	60.0	36.0		
1281	2025-08-18	Lucas	2	10	15.0	150.0	100.0		
1282	2025-08-03	Manuela	2	5	15.0	75.0	50.0		
1283	2025-02-14	João	2	4	15.0	60.0	40.0		
1284	2025-06-06	Maria	4	1	5.0	5.0	3.0		
1285	2025-04-08	Manuela	3	8	7.5	60.0	40.0		
1286	2025-09-03	Maria	1	6	10.0	60.0	36.0		
1287	2025-10-31	Lucas	1	6	10.0	60.0	36.0		
1288	2025-07-03	Manuela	3	2	7.5	15.0	10.0		
1289	2025-09-12	Manuela	1	4	10.0	40.0	24.0		
1290	2025-05-13	Maria	4	9	5.0	45.0	27.0		
1291	2025-11-13	Paulo	3	3	7.5	22.5	15.0		
1292	2025-04-01	Paulo	5	4	12.0	48.0	28.0		
1293	2025-02-11	João	4	8	5.0	40.0	24.0		
1294	2025-07-03	Gabriel	4	10	5.0	50.0	30.0		
1295	2025-11-18	Gabriel	5	4	12.0	48.0	28.0		
1296	2025-03-25	Isabela	5	2	12.0	24.0	14.0		
1297	2025-06-04	Lucas	2	5	15.0	75.0	50.0		
1298	2025-07-12	Fernanda	2	5	15.0	75.0	50.0		
1299	2025-03-26	Manuela	4	4	5.0	20.0	12.0		
1300	2025-06-28	Gabriel	1	1	10.0	10.0	6.0		
1301	2025-07-18	Paulo	3	9	7.5	67.5	45.0		
1302	2025-11-25	Ana	5	10	12.0	120.0	70.0		
1303	2025-06-23	Igor	3	8	7.5	60.0	40.0		
1304	2025-04-30	Manuela	1	4	10.0	40.0	24.0		
1305	2025-03-16	Fernanda	2	10	15.0	150.0	100.0		
1306	2025-08-04	Manuela	4	2	5.0	10.0	6.0		
1307	2025-07-06	Isabela	4	2	5.0	10.0	6.0		
1308	2025-06-09	João	5	7	12.0	84.0	49.0		
1309	2025-01-27	Ana	1	8	10.0	80.0	48.0		
1310	2025-03-25	Isabela	3	8	7.5	60.0	40.0		
1311	2025-04-11	Lucas	1	7	10.0	70.0	42.0		
1312	2025-08-17	Lucas	2	3	15.0	45.0	30.0		
1313	2025-07-22	Fernanda	1	3	10.0	30.0	18.0		
1314	2025-11-01	Gabriel	3	1	7.5	7.5	5.0		
1315	2025-04-28	Gabriel	2	4	15.0	60.0	40.0		
1316	2025-05-24	João	5	9	12.0	108.0	63.0		
1317	2025-07-08	Maria	2	10	15.0	150.0	100.0		
1318	2025-02-10	Manuela	1	5	10.0	50.0	30.0		
1319	2025-08-05	João	3	2	7.5	15.0	10.0		
1320	2025-04-12	Lucas	1	4	10.0	40.0	24.0		
1321	2025-11-15	João	1	1	10.0	10.0	6.0		
1322	2025-10-22	Maria	5	8	12.0	96.0	56.0		
1323	2025-03-26	Gabriel	2	2	15.0	30.0	20.0		
1324	2025-02-28	Igor	4	2	5.0	10.0	6.0		
1325	2025-10-26	Fernanda	1	6	10.0	60.0	36.0		
1326	2025-05-12	Fernanda	4	9	5.0	45.0	27.0		
1327	2025-10-10	Manuela	3	10	7.5	75.0	50.0		
1328	2025-05-28	Igor	3	3	7.5	22.5	15.0		
1329	2025-01-17	Paulo	5	9	12.0	108.0	63.0		
1330	2025-01-03	Manuela	4	10	5.0	50.0	30.0		
1331	2025-10-13	Gabriel	5	7	12.0	84.0	49.0		
1332	2025-09-04	João	5	2	12.0	24.0	14.0		
1333	2025-05-27	João	4	9	5.0	45.0	27.0		
1334	2025-12-16	Isabela	4	1	5.0	5.0	3.0		
1335	2025-05-04	Ana	2	2	15.0	30.0	20.0		
1336	2025-02-03	Fernanda	1	1	10.0	10.0	6.0		
1337	2025-10-26	Manuela	5	9	12.0	108.0	63.0		
1338	2025-04-16	João	1	3	10.0	30.0	18.0		
1339	2025-11-13	Fernanda	4	10	5.0	50.0	30.0		
1340	2025-09-19	Gabriel	5	9	12.0	108.0	63.0		
1341	2025-11-18	Fernanda	1	9	10.0	90.0	54.0		
1342	2025-03-22	Gabriel	3	10	7.5	75.0	50.0		
1343	2025-06-04	Igor	4	3	5.0	15.0	9.0		
1344	2025-11-25	Isabela	1	3	10.0	30.0	18.0		
1345	2025-03-31	Manuela	1	7	10.0	70.0	42.0		
1346	2025-02-13	João	4	9	5.0	45.0	27.0		
1347	2025-04-17	Ana	3	3	7.5	22.5	15.0		
1348	2025-02-13	Ana	5	9	12.0	108.0	63.0		
1349	2025-08-29	Maria	3	8	7.5	60.0	40.0		
1350	2025-07-26	Maria	3	9	7.5	67.5	45.0		
1351	2025-08-16	Isabela	5	9	12.0	108.0	63.0		
1352	2025-12-28	Gabriel	3	1	7.5	7.5	5.0		
1353	2025-06-12	Fernanda	4	3	5.0	15.0	9.0		
1354	2025-01-10	Lucas	2	9	15.0	135.0	90.0		
1355	2025-06-13	Lucas	5	7	12.0	84.0	49.0		
1356	2025-09-18	Lucas	4	10	5.0	50.0	30.0		
1357	2025-09-14	Gabriel	1	5	10.0	50.0	30.0		
1358	2025-10-01	Lucas	3	8	7.5	60.0	40.0		
1359	2025-03-07	Ana	5	8	12.0	96.0	56.0		
1360	2025-11-07	João	4	9	5.0	45.0	27.0		
1361	2025-07-24	Lucas	1	9	10.0	90.0	54.0		
1362	2025-07-11	Manuela	3	7	7.5	52.5	35.0		
1363	2025-05-13	Manuela	2	8	15.0	120.0	80.0		
1364	2025-10-05	João	2	5	15.0	75.0	50.0		
1365	2025-09-22	Isabela	5	3	12.0	36.0	21.0		
1366	2025-09-13	Fernanda	3	6	7.5	45.0	30.0		
1367	2025-05-06	Maria	2	5	15.0	75.0	50.0		
1368	2025-06-01	Gabriel	1	8	10.0	80.0	48.0		
1369	2025-09-02	João	2	3	15.0	45.0	30.0		
1370	2025-09-26	Gabriel	4	5	5.0	25.0	15.0		
1371	2025-03-26	Ana	3	5	7.5	37.5	25.0		
1372	2025-09-20	Manuela	5	8	12.0	96.0	56.0		
1373	2025-07-23	Igor	2	5	15.0	75.0	50.0		
1374	2025-06-01	Gabriel	4	2	5.0	10.0	6.0		
1375	2025-07-14	Paulo	3	9	7.5	67.5	45.0		
1376	2025-12-19	Manuela	3	6	7.5	45.0	30.0		
1377	2025-10-09	Lucas	4	2	5.0	10.0	6.0		
1378	2025-11-16	Gabriel	4	2	5.0	10.0	6.0		
1379	2025-06-29	Gabriel	3	6	7.5	45.0	30.0		
1380	2025-05-20	Maria	1	6	10.0	60.0	36.0		
1381	2025-03-05	Ana	1	10	10.0	100.0	60.0		
1382	2025-10-21	Maria	1	2	10.0	20.0	12.0		
1383	2025-08-21	Gabriel	1	9	10.0	90.0	54.0		
1384	2025-03-04	Paulo	4	5	5.0	25.0	15.0		
1385	2025-06-21	Paulo	1	1	10.0	10.0	6.0		
1386	2025-06-04	Isabela	1	9	10.0	90.0	54.0		
1387	2025-06-07	Paulo	1	8	10.0	80.0	48.0		
1388	2025-05-18	Isabela	3	5	7.5	37.5	25.0		
1389	2025-10-16	Ana	5	7	12.0	84.0	49.0		
1390	2025-05-09	João	2	10	15.0	150.0	100.0		
1391	2025-11-12	Paulo	1	2	10.0	20.0	12.0		
1392	2025-04-29	Igor	4	10	5.0	50.0	30.0		
1393	2025-12-22	Ana	4	5	5.0	25.0	15.0		
1394	2025-03-14	Gabriel	4	4	5.0	20.0	12.0		
1395	2025-02-17	Paulo	1	10	10.0	100.0	60.0		
1396	2025-04-20	Fernanda	3	4	7.5	30.0	20.0		
1397	2025-08-15	Isabela	1	3	10.0	30.0	18.0		
1398	2025-04-12	Manuela	5	3	12.0	36.0	21.0		
1399	2025-01-03	Lucas	1	2	10.0	20.0	12.0		
1400	2025-10-29	João	2	8	15.0	120.0	80.0		
1401	2025-04-25	Paulo	2	7	15.0	105.0	70.0		
1402	2025-03-22	Gabriel	4	6	5.0	30.0	18.0		
1403	2025-09-19	Maria	3	5	7.5	37.5	25.0		
1404	2025-04-24	Ana	5	3	12.0	36.0	21.0		
1405	2025-10-01	Maria	1	6	10.0	60.0	36.0		
1406	2025-01-15	Igor	1	1	10.0	10.0	6.0		
1407	2025-08-08	Igor	3	7	7.5	52.5	35.0		
1408	2025-12-28	João	4	1	5.0	5.0	3.0		
1409	2025-10-04	Isabela	5	7	12.0	84.0	49.0		
1410	2025-01-31	Gabriel	4	2	5.0	10.0	6.0		
1411	2025-11-06	Lucas	3	6	7.5	45.0	30.0		
1412	2025-06-16	Manuela	3	4	7.5	30.0	20.0		
1413	2025-12-16	Manuela	1	6	10.0	60.0	36.0		
1414	2025-03-10	Paulo	5	10	12.0	120.0	70.0		
1415	2025-07-16	Lucas	3	2	7.5	15.0	10.0		
1416	2025-12-16	Isabela	1	9	10.0	90.0	54.0		
1417	2025-11-14	Manuela	4	6	5.0	30.0	18.0		
1418	2025-09-23	Fernanda	1	8	10.0	80.0	48.0		
1419	2025-10-02	Fernanda	3	8	7.5	60.0	40.0		
1420	2025-12-18	Igor	1	4	10.0	40.0	24.0		
1421	2025-02-14	Igor	3	10	7.5	75.0	50.0		
1422	2025-01-31	João	1	7	10.0	70.0	42.0		
1423	2025-04-12	Paulo	2	10	15.0	150.0	100.0		
1424	2025-12-23	Paulo	5	5	12.0	60.0	35.0		
1425	2025-03-20	Gabriel	5	5	12.0	60.0	35.0		
1426	2025-10-31	Manuela	3	3	7.5	22.5	15.0		
1427	2025-09-12	Igor	2	3	15.0	45.0	30.0		
1428	2025-02-15	Maria	5	1	12.0	12.0	7.0		
1429	2025-08-21	Paulo	3	7	7.5	52.5	35.0		
1430	2025-10-17	Fernanda	5	4	12.0	48.0	28.0		
1431	2025-06-02	Paulo	4	7	5.0	35.0	21.0		
1432	2025-10-14	Igor	3	1	7.5	7.5	5.0		
1433	2025-12-15	João	1	10	10.0	100.0	60.0		
1434	2025-11-13	Fernanda	2	5	15.0	75.0	50.0		
1435	2025-03-17	Maria	4	10	5.0	50.0	30.0		
1436	2025-02-18	João	4	4	5.0	20.0	12.0		
1437	2025-02-08	Igor	3	8	7.5	60.0	40.0		
1438	2025-06-08	Gabriel	4	7	5.0	35.0	21.0		
1439	2025-07-05	Isabela	5	4	12.0	48.0	28.0		
1440	2025-09-30	Igor	2	10	15.0	150.0	100.0		
1441	2025-05-26	Lucas	1	5	10.0	50.0	30.0		
1442	2025-09-13	Manuela	3	9	7.5	67.5	45.0		
1443	2025-08-04	João	2	4	15.0	60.0	40.0		
1444	2025-07-08	João	5	5	12.0	60.0	35.0		
1445	2025-07-20	Paulo	3	10	7.5	75.0	50.0		
1446	2025-07-15	Gabriel	2	9	15.0	135.0	90.0		
1447	2025-03-02	Fernanda	4	10	5.0	50.0	30.0		
1448	2025-07-20	Manuela	1	5	10.0	50.0	30.0		
1449	2025-12-20	João	3	4	7.5	30.0	20.0		
1450	2025-03-31	Manuela	1	4	10.0	40.0	24.0		
1451	2025-11-12	João	4	4	5.0	20.0	12.0		
1452	2025-03-01	Igor	2	6	15.0	90.0	60.0		
1453	2025-11-15	Igor	3	10	7.5	75.0	50.0		
1454	2025-02-25	Ana	4	5	5.0	25.0	15.0		
1455	2025-10-19	Manuela	2	4	15.0	60.0	40.0		
1456	2025-03-26	Manuela	5	7	12.0	84.0	49.0		
1457	2025-01-13	Fernanda	2	4	15.0	60.0	40.0		
1458	2025-07-25	Gabriel	4	6	5.0	30.0	18.0		
1459	2025-08-05	Manuela	5	2	12.0	24.0	14.0		
1460	2025-01-18	Lucas	3	8	7.5	60.0	40.0		
1461	2025-10-09	Maria	2	7	15.0	105.0	70.0		
1462	2025-09-05	Lucas	3	7	7.5	52.5	35.0		
1463	2025-01-30	Maria	3	4	7.5	30.0	20.0		
1464	2025-09-26	Lucas	1	5	10.0	50.0	30.0		
1465	2025-08-31	Gabriel	5	3	12.0	36.0	21.0		
1466	2025-03-03	Isabela	4	5	5.0	25.0	15.0		
1467	2025-03-06	Isabela	3	7	7.5	52.5	35.0		
1468	2025-02-11	Fernanda	1	9	10.0	90.0	54.0		
1469	2025-02-14	Fernanda	5	7	12.0	84.0	49.0		
1470	2025-10-20	Paulo	1	5	10.0	50.0	30.0		
1471	2025-01-30	Isabela	3	8	7.5	60.0	40.0		
1472	2025-12-08	Ana	5	1	12.0	12.0	7.0		
1473	2025-11-30	Maria	4	5	5.0	25.0	15.0		
1474	2025-06-20	Isabela	4	2	5.0	10.0	6.0		
1475	2025-04-03	Manuela	2	7	15.0	105.0	70.0		
1476	2025-07-13	Paulo	1	1	10.0	10.0	6.0		
1477	2025-01-21	Ana	4	6	5.0	30.0	18.0		
1478	2025-08-15	Fernanda	3	8	7.5	60.0	40.0		
1479	2025-02-19	Manuela	3	2	7.5	15.0	10.0		
1480	2025-10-31	Paulo	2	4	15.0	60.0	40.0		
1481	2025-12-14	Maria	2	4	15.0	60.0	40.0		
1482	2025-02-03	Fernanda	2	3	15.0	45.0	30.0		
1483	2025-03-31	Isabela	2	1	15.0	15.0	10.0		
1484	2025-05-08	Maria	4	1	5.0	5.0	3.0		
1485	2025-07-30	João	2	10	15.0	150.0	100.0		
1486	2025-10-24	Paulo	1	10	10.0	100.0	60.0		
1487	2025-08-08	João	2	5	15.0	75.0	50.0		
1488	2025-03-11	Ana	2	1	15.0	15.0	10.0		
1489	2025-08-03	João	4	5	5.0	25.0	15.0		
1490	2025-04-11	Paulo	4	7	5.0	35.0	21.0		
1491	2025-01-23	Lucas	5	2	12.0	24.0	14.0		
1492	2025-12-25	Ana	2	9	15.0	135.0	90.0		
1493	2025-10-05	João	4	6	5.0	30.0	18.0		
1494	2025-12-25	Ana	5	8	12.0	96.0	56.0		
1495	2025-12-07	Ana	2	8	15.0	120.0	80.0		
1496	2025-03-30	Manuela	4	3	5.0	15.0	9.0		
1497	2025-08-06	Lucas	2	1	15.0	15.0	10.0		
1498	2025-06-20	Isabela	3	3	7.5	22.5	15.0		
1499	2025-03-17	Igor	2	6	15.0	90.0	60.0		
1500	2025-11-07	Manuela	4	7	5.0	35.0	21.0		
1501	2025-08-20	Paulo	1	2	10.0	20.0	12.0		
1502	2025-12-12	Maria	2	10	15.0	150.0	100.0		
1503	2025-08-06	Gabriel	4	6	5.0	30.0	18.0		
1504	2025-05-28	Paulo	5	3	12.0	36.0	21.0		
1505	2025-04-18	Paulo	1	7	10.0	70.0	42.0		
1506	2025-07-21	João	5	10	12.0	120.0	70.0		
1507	2025-06-11	Fernanda	3	6	7.5	45.0	30.0		
1508	2025-03-18	Paulo	1	10	10.0	100.0	60.0		
1509	2025-11-11	Manuela	5	5	12.0	60.0	35.0		
1510	2025-04-14	Igor	1	4	10.0	40.0	24.0		
1511	2025-03-13	Manuela	5	8	12.0	96.0	56.0		
1512	2025-09-15	Maria	3	8	7.5	60.0	40.0		
1513	2025-10-11	Igor	2	4	15.0	60.0	40.0		
1514	2025-04-17	Isabela	5	4	12.0	48.0	28.0		
1515	2025-06-11	Paulo	5	4	12.0	48.0	28.0		
1516	2025-09-05	Igor	5	9	12.0	108.0	63.0		
1517	2025-04-20	Maria	1	6	10.0	60.0	36.0		
1518	2025-10-03	Lucas	4	10	5.0	50.0	30.0		
1519	2025-12-29	Ana	3	6	7.5	45.0	30.0		
1520	2025-09-26	João	2	8	15.0	120.0	80.0		
1521	2025-07-11	Manuela	2	9	15.0	135.0	90.0		
1522	2025-04-07	Ana	1	6	10.0	60.0	36.0		
1523	2025-08-13	Isabela	4	1	5.0	5.0	3.0		
1524	2025-05-10	Maria	4	1	5.0	5.0	3.0		
1525	2025-03-26	Paulo	1	10	10.0	100.0	60.0		
1526	2025-03-03	Fernanda	5	4	12.0	48.0	28.0		
1527	2025-04-05	Maria	2	3	15.0	45.0	30.0		
1528	2025-08-24	Lucas	3	2	7.5	15.0	10.0		
1529	2025-12-04	Isabela	3	2	7.5	15.0	10.0		
1530	2025-04-11	Ana	3	8	7.5	60.0	40.0		
1531	2025-08-27	Lucas	1	8	10.0	80.0	48.0		
1532	2025-03-08	Maria	3	2	7.5	15.0	10.0		
1533	2025-01-16	Fernanda	5	3	12.0	36.0	21.0		
1534	2025-11-22	Manuela	5	8	12.0	96.0	56.0		
1535	2025-06-08	Manuela	1	1	10.0	10.0	6.0		
1536	2025-08-27	João	4	10	5.0	50.0	30.0		
1537	2025-04-17	Fernanda	4	2	5.0	10.0	6.0		
1538	2025-09-01	Gabriel	3	4	7.5	30.0	20.0		
1539	2025-01-02	Manuela	2	5	15.0	75.0	50.0		
1540	2025-01-03	Manuela	5	5	12.0	60.0	35.0		
1541	2025-01-22	Ana	3	1	7.5	7.5	5.0		
1542	2025-05-28	Manuela	4	8	5.0	40.0	24.0		
1543	2025-05-18	João	1	10	10.0	100.0	60.0		
1544	2025-03-30	João	2	7	15.0	105.0	70.0		
1545	2025-09-08	Gabriel	1	1	10.0	10.0	6.0		
1546	2025-12-01	Paulo	1	7	10.0	70.0	42.0		
1547	2025-11-27	Isabela	2	8	15.0	120.0	80.0		
1548	2025-08-05	Gabriel	3	1	7.5	7.5	5.0		
1549	2025-12-28	Maria	3	5	7.5	37.5	25.0		
1550	2025-11-01	Igor	4	5	5.0	25.0	15.0		
1551	2025-05-02	Fernanda	3	8	7.5	60.0	40.0		
1552	2025-10-24	Lucas	3	3	7.5	22.5	15.0		
1553	2025-11-08	Fernanda	3	3	7.5	22.5	15.0		
1554	2025-09-30	Fernanda	3	3	7.5	22.5	15.0		
1555	2025-10-03	Fernanda	1	2	10.0	20.0	12.0		
1556	2025-09-21	Gabriel	5	2	12.0	24.0	14.0		
1557	2025-11-25	Igor	5	2	12.0	24.0	14.0		
1558	2025-02-16	Lucas	3	3	7.5	22.5	15.0		
1559	2025-10-19	João	2	4	15.0	60.0	40.0		
1560	2025-05-25	João	5	6	12.0	72.0	42.0		
1561	2025-06-12	Fernanda	5	6	12.0	72.0	42.0		
1562	2025-10-13	Maria	5	10	12.0	120.0	70.0		
1563	2025-06-14	Paulo	2	6	15.0	90.0	60.0		
1564	2025-08-25	Ana	1	1	10.0	10.0	6.0		
1565	2025-07-16	Fernanda	3	8	7.5	60.0	40.0		
1566	2025-10-08	Gabriel	3	3	7.5	22.5	15.0		
1567	2025-04-17	João	3	6	7.5	45.0	30.0		
1568	2025-12-26	Maria	2	5	15.0	75.0	50.0		
1569	2025-09-27	João	2	10	15.0	150.0	100.0		
1570	2025-05-13	Ana	2	2	15.0	30.0	20.0		
1571	2025-05-19	João	5	5	12.0	60.0	35.0		
1572	2025-09-20	Lucas	4	10	5.0	50.0	30.0		
1573	2025-09-08	Lucas	2	3	15.0	45.0	30.0		
1574	2025-02-26	Fernanda	4	9	5.0	45.0	27.0		
1575	2025-03-14	Ana	3	6	7.5	45.0	30.0		
1576	2025-03-17	Lucas	4	1	5.0	5.0	3.0		
1577	2025-10-27	Isabela	3	4	7.5	30.0	20.0		
1578	2025-07-17	Ana	5	6	12.0	72.0	42.0		
1579	2025-12-29	Fernanda	5	1	12.0	12.0	7.0		
1580	2025-11-13	Maria	5	3	12.0	36.0	21.0		
1581	2025-09-25	Gabriel	5	3	12.0	36.0	21.0		
1582	2025-04-06	Igor	3	8	7.5	60.0	40.0		
1583	2025-08-28	Ana	5	7	12.0	84.0	49.0		
1584	2025-06-25	Gabriel	3	1	7.5	7.5	5.0		
1585	2025-03-19	Ana	4	9	5.0	45.0	27.0		
1586	2025-01-02	João	4	8	5.0	40.0	24.0		
1587	2025-01-29	João	3	9	7.5	67.5	45.0		
1588	2025-02-15	Gabriel	5	2	12.0	24.0	14.0		
1589	2025-07-18	João	2	6	15.0	90.0	60.0		
1590	2025-07-16	Lucas	2	2	15.0	30.0	20.0		
1591	2025-08-08	João	4	3	5.0	15.0	9.0		
1592	2025-08-15	João	3	5	7.5	37.5	25.0		
1593	2025-10-27	Maria	5	3	12.0	36.0	21.0		
1594	2025-07-16	Maria	2	2	15.0	30.0	20.0		
1595	2025-04-14	Lucas	2	5	15.0	75.0	50.0		
1596	2025-10-15	Ana	4	4	5.0	20.0	12.0		
1597	2025-04-04	Maria	4	9	5.0	45.0	27.0		
1598	2025-12-08	Ana	2	5	15.0	75.0	50.0		
1599	2025-01-02	Lucas	5	4	12.0	48.0	28.0		
1600	2025-05-10	Lucas	3	10	7.5	75.0	50.0		
1601	2025-05-28	Paulo	3	7	7.5	52.5	35.0		
1602	2025-04-26	Maria	3	9	7.5	67.5	45.0		
1603	2025-11-26	Paulo	1	10	10.0	100.0	60.0		
1604	2025-10-08	Ana	1	1	10.0	10.0	6.0		
1605	2025-02-07	Gabriel	4	6	5.0	30.0	18.0		
1606	2025-04-09	Igor	2	3	15.0	45.0	30.0		
1607	2025-02-23	Gabriel	5	1	12.0	12.0	7.0		
1608	2025-09-04	Manuela	2	5	15.0	75.0	50.0		
1609	2025-04-14	Gabriel	5	5	12.0	60.0	35.0		
1610	2025-12-08	Ana	2	7	15.0	105.0	70.0		
1611	2025-05-07	Ana	1	4	10.0	40.0	24.0		
1612	2025-07-29	Fernanda	2	2	15.0	30.0	20.0		
1613	2025-03-22	João	2	5	15.0	75.0	50.0		
1614	2025-04-09	Paulo	1	7	10.0	70.0	42.0		
1615	2025-08-28	Lucas	1	7	10.0	70.0	42.0		
1616	2025-09-17	Fernanda	1	10	10.0	100.0	60.0		
1617	2025-09-16	Isabela	5	1	12.0	12.0	7.0		
1618	2025-08-29	Ana	2	8	15.0	120.0	80.0		
1619	2025-07-16	Fernanda	2	3	15.0	45.0	30.0		
1620	2025-09-24	Lucas	1	9	10.0	90.0	54.0		
1621	2025-10-18	Ana	4	2	5.0	10.0	6.0		
1622	2025-10-04	Maria	5	2	12.0	24.0	14.0		
1623	2025-03-14	Manuela	5	2	12.0	24.0	14.0		
1624	2025-03-23	Manuela	5	9	12.0	108.0	63.0		
1625	2025-05-07	Fernanda	5	8	12.0	96.0	56.0		
1626	2025-11-25	Isabela	4	9	5.0	45.0	27.0		
1627	2025-02-21	Manuela	1	6	10.0	60.0	36.0		
1628	2025-06-24	Lucas	3	8	7.5	60.0	40.0		
1629	2025-08-06	Lucas	4	8	5.0	40.0	24.0		
1630	2025-12-11	João	2	5	15.0	75.0	50.0		
1631	2025-04-09	Paulo	4	10	5.0	50.0	30.0		
1632	2025-10-09	João	4	1	5.0	5.0	3.0		
1633	2025-03-18	Fernanda	2	2	15.0	30.0	20.0		
1634	2025-05-17	Maria	2	1	15.0	15.0	10.0		
1635	2025-04-29	Gabriel	4	10	5.0	50.0	30.0		
1636	2025-04-12	Fernanda	1	9	10.0	90.0	54.0		
1637	2025-04-11	Lucas	2	8	15.0	120.0	80.0		
1638	2025-01-14	Ana	5	5	12.0	60.0	35.0		
1639	2025-08-04	Isabela	2	8	15.0	120.0	80.0		
1640	2025-07-10	Fernanda	5	6	12.0	72.0	42.0		
1641	2025-01-30	Lucas	2	3	15.0	45.0	30.0		
1642	2025-02-25	Isabela	5	7	12.0	84.0	49.0		
1643	2025-04-16	Igor	5	2	12.0	24.0	14.0		
1644	2025-05-24	Manuela	2	7	15.0	105.0	70.0		
1645	2025-08-07	Igor	2	5	15.0	75.0	50.0		
1646	2025-06-15	Ana	1	6	10.0	60.0	36.0		
1647	2025-11-15	João	5	9	12.0	108.0	63.0		
1648	2025-11-15	Lucas	1	8	10.0	80.0	48.0		
1649	2025-11-17	Lucas	2	10	15.0	150.0	100.0		
1650	2025-03-21	Paulo	5	8	12.0	96.0	56.0		
1651	2025-12-14	Isabela	3	7	7.5	52.5	35.0		
1652	2025-01-12	Fernanda	5	9	12.0	108.0	63.0		
1653	2025-01-08	Fernanda	1	2	10.0	20.0	12.0		
1654	2025-05-06	Isabela	4	10	5.0	50.0	30.0		
1655	2025-11-01	Igor	1	2	10.0	20.0	12.0		
1656	2025-04-07	Maria	2	6	15.0	90.0	60.0		
1657	2025-01-05	Gabriel	2	1	15.0	15.0	10.0		
1658	2025-10-31	Paulo	4	2	5.0	10.0	6.0		
1659	2025-01-14	Isabela	3	8	7.5	60.0	40.0		
1660	2025-12-04	Paulo	5	10	12.0	120.0	70.0		
1661	2025-10-15	Ana	1	6	10.0	60.0	36.0		
1662	2025-02-06	João	2	7	15.0	105.0	70.0		
1663	2025-03-02	Manuela	2	3	15.0	45.0	30.0		
1664	2025-11-01	Lucas	5	8	12.0	96.0	56.0		
1665	2025-04-17	Fernanda	5	6	12.0	72.0	42.0		
1666	2025-03-28	Maria	2	3	15.0	45.0	30.0		
1667	2025-09-22	Manuela	5	4	12.0	48.0	28.0		
1668	2025-10-21	Isabela	4	10	5.0	50.0	30.0		
1669	2025-12-27	Isabela	4	9	5.0	45.0	27.0		
1670	2025-01-18	Manuela	2	8	15.0	120.0	80.0		
1671	2025-09-09	Manuela	5	5	12.0	60.0	35.0		
1672	2025-06-23	Lucas	5	8	12.0	96.0	56.0		
1673	2025-05-24	Paulo	3	2	7.5	15.0	10.0		
1674	2025-01-01	Gabriel	2	3	15.0	45.0	30.0		
1675	2025-05-24	João	4	1	5.0	5.0	3.0		
1676	2025-12-04	Paulo	2	4	15.0	60.0	40.0		
1677	2025-07-18	Maria	2	1	15.0	15.0	10.0		
1678	2025-01-26	Isabela	5	8	12.0	96.0	56.0		
1679	2025-10-01	Paulo	1	2	10.0	20.0	12.0		
1680	2025-07-29	João	4	8	5.0	40.0	24.0		
1681	2025-05-14	Paulo	3	7	7.5	52.5	35.0		
1682	2025-06-15	Lucas	2	7	15.0	105.0	70.0		
1683	2025-03-15	Gabriel	1	7	10.0	70.0	42.0		
1684	2025-04-15	Fernanda	3	9	7.5	67.5	45.0		
1685	2025-01-17	Maria	2	1	15.0	15.0	10.0		
1686	2025-01-09	Paulo	2	8	15.0	120.0	80.0		
1687	2025-07-22	Manuela	2	10	15.0	150.0	100.0		
1688	2025-02-10	Isabela	4	2	5.0	10.0	6.0		
1689	2025-05-07	João	3	5	7.5	37.5	25.0		
1690	2025-08-05	Lucas	4	7	5.0	35.0	21.0		
1691	2025-05-09	Manuela	1	5	10.0	50.0	30.0		
1692	2025-03-21	Igor	1	1	10.0	10.0	6.0		
1693	2025-04-21	Fernanda	1	4	10.0	40.0	24.0		
1694	2025-09-22	Ana	1	2	10.0	20.0	12.0		
1695	2025-08-07	Gabriel	4	6	5.0	30.0	18.0		
1696	2025-05-03	Maria	4	5	5.0	25.0	15.0		
1697	2025-11-06	Gabriel	4	3	5.0	15.0	9.0		
1698	2025-07-28	Paulo	1	5	10.0	50.0	30.0		
1699	2025-09-07	Fernanda	1	9	10.0	90.0	54.0		
1700	2025-02-24	João	5	9	12.0	108.0	63.0		
1701	2025-01-07	João	5	9	12.0	108.0	63.0		
1702	2025-01-18	Fernanda	4	7	5.0	35.0	21.0		
1703	2025-05-19	Ana	4	7	5.0	35.0	21.0		
1704	2025-07-02	João	4	10	5.0	50.0	30.0		
1705	2025-04-13	Igor	3	10	7.5	75.0	50.0		
1706	2025-01-26	Manuela	5	2	12.0	24.0	14.0		
1707	2025-07-23	João	2	4	15.0	60.0	40.0		
1708	2025-04-24	Ana	5	4	12.0	48.0	28.0		
1709	2025-09-30	Lucas	4	4	5.0	20.0	12.0		
1710	2025-01-09	Isabela	2	6	15.0	90.0	60.0		
1711	2025-08-18	Maria	1	1	10.0	10.0	6.0		
1712	2025-10-14	Igor	3	10	7.5	75.0	50.0		
1713	2025-10-30	Paulo	4	1	5.0	5.0	3.0		
1714	2025-11-21	Lucas	3	3	7.5	22.5	15.0		
1715	2025-11-17	Ana	5	10	12.0	120.0	70.0		
1716	2025-09-04	Lucas	3	9	7.5	67.5	45.0		
1717	2025-02-02	Gabriel	5	5	12.0	60.0	35.0		
1718	2025-12-11	Igor	2	8	15.0	120.0	80.0		
1719	2025-07-27	Maria	4	5	5.0	25.0	15.0		
1720	2025-06-10	Paulo	2	2	15.0	30.0	20.0		
1721	2025-07-08	Isabela	3	4	7.5	30.0	20.0		
1722	2025-08-29	Isabela	2	5	15.0	75.0	50.0		
1723	2025-06-06	Gabriel	1	9	10.0	90.0	54.0		
1724	2025-04-23	Lucas	1	5	10.0	50.0	30.0		
1725	2025-10-03	Fernanda	3	7	7.5	52.5	35.0		
1726	2025-06-19	Paulo	4	7	5.0	35.0	21.0		
1727	2025-06-25	Gabriel	3	7	7.5	52.5	35.0		
1728	2025-09-17	Lucas	5	1	12.0	12.0	7.0		
1729	2025-10-23	Igor	1	7	10.0	70.0	42.0		
1730	2025-11-18	Manuela	4	2	5.0	10.0	6.0		
1731	2025-08-09	Fernanda	2	2	15.0	30.0	20.0		
1732	2025-04-20	Isabela	4	4	5.0	20.0	12.0		
1733	2025-03-23	João	1	5	10.0	50.0	30.0		
1734	2025-03-28	Fernanda	2	7	15.0	105.0	70.0		
1735	2025-11-16	João	3	1	7.5	7.5	5.0		
1736	2025-11-24	Gabriel	5	2	12.0	24.0	14.0		
1737	2025-07-09	Ana	4	7	5.0	35.0	21.0		
1738	2025-08-17	Paulo	4	7	5.0	35.0	21.0		
1739	2025-03-06	Isabela	4	2	5.0	10.0	6.0		
1740	2025-05-06	Maria	1	2	10.0	20.0	12.0		
1741	2025-03-03	Manuela	1	4	10.0	40.0	24.0		
1742	2025-02-11	Isabela	2	10	15.0	150.0	100.0		
1743	2025-08-17	Manuela	1	5	10.0	50.0	30.0		
1744	2025-01-17	Fernanda	4	1	5.0	5.0	3.0		
1745	2025-04-13	Lucas	3	10	7.5	75.0	50.0		
1746	2025-03-18	Gabriel	3	10	7.5	75.0	50.0		
1747	2025-04-04	Ana	3	1	7.5	7.5	5.0		
1748	2025-12-01	Igor	1	6	10.0	60.0	36.0		
1749	2025-09-03	João	2	2	15.0	30.0	20.0		
1750	2025-10-23	Isabela	4	7	5.0	35.0	21.0		
1751	2025-11-28	Paulo	5	8	12.0	96.0	56.0		
1752	2025-12-08	Maria	1	6	10.0	60.0	36.0		
1753	2025-01-29	João	5	5	12.0	60.0	35.0		
1754	2025-05-20	Lucas	1	2	10.0	20.0	12.0		
1755	2025-01-19	Gabriel	4	5	5.0	25.0	15.0		
1756	2025-06-03	Manuela	1	8	10.0	80.0	48.0		
1757	2025-09-17	Isabela	1	8	10.0	80.0	48.0		
1758	2025-01-14	Paulo	4	3	5.0	15.0	9.0		
1759	2025-12-15	Manuela	4	7	5.0	35.0	21.0		
1760	2025-03-23	Maria	1	9	10.0	90.0	54.0		
1761	2025-02-04	Maria	1	5	10.0	50.0	30.0		
1762	2025-07-18	Igor	1	9	10.0	90.0	54.0		
1763	2025-05-01	Lucas	3	8	7.5	60.0	40.0		
1764	2025-05-20	João	2	6	15.0	90.0	60.0		
1765	2025-01-11	João	2	8	15.0	120.0	80.0		
1766	2025-05-24	Igor	4	3	5.0	15.0	9.0		
1767	2025-12-28	Manuela	3	1	7.5	7.5	5.0		
1768	2025-01-25	Gabriel	1	9	10.0	90.0	54.0		
1769	2025-01-19	Manuela	5	5	12.0	60.0	35.0		
1770	2025-01-19	Igor	3	9	7.5	67.5	45.0		
1771	2025-02-18	João	3	4	7.5	30.0	20.0		
1772	2025-03-23	Igor	1	8	10.0	80.0	48.0		
1773	2025-12-18	Isabela	5	2	12.0	24.0	14.0		
1774	2025-08-25	Ana	3	4	7.5	30.0	20.0		
1775	2025-08-13	Paulo	5	9	12.0	108.0	63.0		
1776	2025-11-24	Paulo	1	2	10.0	20.0	12.0		
1777	2025-05-23	Ana	5	7	12.0	84.0	49.0		
1778	2025-01-04	Paulo	2	8	15.0	120.0	80.0		
1779	2025-12-25	João	4	4	5.0	20.0	12.0		
1780	2025-06-20	Paulo	1	2	10.0	20.0	12.0		
1781	2025-03-11	Lucas	2	6	15.0	90.0	60.0		
1782	2025-02-12	Isabela	1	1	10.0	10.0	6.0		
1783	2025-07-14	Maria	4	1	5.0	5.0	3.0		
1784	2025-07-31	Lucas	5	5	12.0	60.0	35.0		
1785	2025-04-05	Isabela	1	3	10.0	30.0	18.0		
1786	2025-03-09	Igor	1	1	10.0	10.0	6.0		
1787	2025-01-05	Maria	2	1	15.0	15.0	10.0		
1788	2025-12-04	Igor	4	9	5.0	45.0	27.0		
1789	2025-08-01	Maria	2	8	15.0	120.0	80.0		
1790	2025-07-11	Fernanda	1	10	10.0	100.0	60.0		
1791	2025-01-09	Fernanda	2	2	15.0	30.0	20.0		
1792	2025-05-18	João	4	8	5.0	40.0	24.0		
1793	2025-08-30	Ana	1	6	10.0	60.0	36.0		
1794	2025-02-17	Paulo	1	8	10.0	80.0	48.0		
1795	2025-10-20	Igor	4	2	5.0	10.0	6.0		
1796	2025-09-25	Gabriel	4	1	5.0	5.0	3.0		
1797	2025-04-08	João	2	4	15.0	60.0	40.0		
1798	2025-08-12	Manuela	4	3	5.0	15.0	9.0		
1799	2025-03-01	João	3	2	7.5	15.0	10.0		
1800	2025-03-06	Fernanda	4	3	5.0	15.0	9.0		
1801	2025-08-01	Paulo	2	4	15.0	60.0	40.0		
1802	2025-12-17	Fernanda	2	1	15.0	15.0	10.0		
1803	2025-07-19	Gabriel	5	8	12.0	96.0	56.0		
1804	2025-10-11	Fernanda	1	7	10.0	70.0	42.0		
1805	2025-11-11	Igor	4	1	5.0	5.0	3.0		
1806	2025-06-13	João	5	7	12.0	84.0	49.0		
1807	2025-09-14	Maria	2	10	15.0	150.0	100.0		
1808	2025-07-15	Manuela	3	10	7.5	75.0	50.0		
1809	2025-12-16	Lucas	4	8	5.0	40.0	24.0		
1810	2025-11-05	João	3	9	7.5	67.5	45.0		
1811	2025-12-12	Maria	5	8	12.0	96.0	56.0		
1812	2025-10-28	Manuela	4	9	5.0	45.0	27.0		
1813	2025-10-03	Fernanda	3	9	7.5	67.5	45.0		
1814	2025-11-26	Maria	4	4	5.0	20.0	12.0		
1815	2025-04-08	Paulo	5	10	12.0	120.0	70.0		
1816	2025-12-08	Lucas	3	5	7.5	37.5	25.0		
1817	2025-11-09	Ana	3	1	7.5	7.5	5.0		
1818	2025-02-19	Gabriel	2	5	15.0	75.0	50.0		
1819	2025-04-27	Paulo	5	9	12.0	108.0	63.0		
1820	2025-05-28	Paulo	2	1	15.0	15.0	10.0		
1821	2025-10-22	Lucas	4	5	5.0	25.0	15.0		
1822	2025-05-12	João	5	10	12.0	120.0	70.0		
1823	2025-12-19	Fernanda	4	1	5.0	5.0	3.0		
1824	2025-04-20	Lucas	3	3	7.5	22.5	15.0		
1825	2025-08-03	João	5	10	12.0	120.0	70.0		
1826	2025-11-19	Paulo	3	8	7.5	60.0	40.0		
1827	2025-09-19	Manuela	1	3	10.0	30.0	18.0		
1828	2025-05-21	Gabriel	1	8	10.0	80.0	48.0		
1829	2025-07-28	Ana	3	3	7.5	22.5	15.0		
1830	2025-12-14	Paulo	5	5	12.0	60.0	35.0		
1831	2025-10-30	Ana	4	2	5.0	10.0	6.0		
1832	2025-02-19	João	4	2	5.0	10.0	6.0		
1833	2025-06-25	Maria	3	1	7.5	7.5	5.0		
1834	2025-09-11	Fernanda	2	9	15.0	135.0	90.0		
1835	2025-07-15	Gabriel	2	9	15.0	135.0	90.0		
1836	2025-04-17	Maria	1	4	10.0	40.0	24.0		
1837	2025-05-13	Fernanda	2	5	15.0	75.0	50.0		
1838	2025-09-22	Manuela	2	9	15.0	135.0	90.0		
1839	2025-03-31	Ana	5	8	12.0	96.0	56.0		
1840	2025-02-18	Manuela	4	1	5.0	5.0	3.0		
1841	2025-07-30	Fernanda	4	3	5.0	15.0	9.0		
1842	2025-03-24	Paulo	2	10	15.0	150.0	100.0		
1843	2025-03-12	Paulo	4	9	5.0	45.0	27.0		
1844	2025-01-13	Fernanda	1	7	10.0	70.0	42.0		
1845	2025-09-30	Manuela	4	1	5.0	5.0	3.0		
1846	2025-10-03	Maria	2	10	15.0	150.0	100.0		
1847	2025-12-07	Ana	5	7	12.0	84.0	49.0		
1848	2025-08-07	Manuela	2	10	15.0	150.0	100.0		
1849	2025-01-10	João	3	5	7.5	37.5	25.0		
1850	2025-11-09	Gabriel	2	5	15.0	75.0	50.0		
1851	2025-09-09	João	5	7	12.0	84.0	49.0		
1852	2025-05-12	Isabela	2	7	15.0	105.0	70.0		
1853	2025-10-28	Gabriel	3	7	7.5	52.5	35.0		
1854	2025-01-17	Paulo	1	6	10.0	60.0	36.0		
1855	2025-01-01	Igor	1	5	10.0	50.0	30.0		
1856	2025-01-05	João	2	1	15.0	15.0	10.0		
1857	2025-07-24	Lucas	1	5	10.0	50.0	30.0		
1858	2025-12-24	Gabriel	5	6	12.0	72.0	42.0		
1859	2025-12-13	Maria	3	5	7.5	37.5	25.0		
1860	2025-11-25	Maria	3	10	7.5	75.0	50.0		
1861	2025-06-24	Maria	4	5	5.0	25.0	15.0		
1862	2025-04-13	Ana	4	2	5.0	10.0	6.0		
1863	2025-08-13	Maria	2	10	15.0	150.0	100.0		
1864	2025-11-06	Fernanda	2	6	15.0	90.0	60.0		
1865	2025-09-29	Ana	3	8	7.5	60.0	40.0		
1866	2025-12-16	Gabriel	4	3	5.0	15.0	9.0		
1867	2025-08-10	Manuela	1	10	10.0	100.0	60.0		
1868	2025-04-05	Maria	1	10	10.0	100.0	60.0		
1869	2025-12-12	Fernanda	3	3	7.5	22.5	15.0		
1870	2025-08-20	Gabriel	3	9	7.5	67.5	45.0		
1871	2025-12-23	Lucas	3	2	7.5	15.0	10.0		
1872	2025-07-07	Manuela	1	2	10.0	20.0	12.0		
1873	2025-09-19	Lucas	5	2	12.0	24.0	14.0		
1874	2025-09-12	Maria	3	2	7.5	15.0	10.0		
1875	2025-11-27	Manuela	3	1	7.5	7.5	5.0		
1876	2025-06-18	Isabela	1	8	10.0	80.0	48.0		
1877	2025-09-04	Igor	3	4	7.5	30.0	20.0		
1878	2025-07-28	Ana	2	6	15.0	90.0	60.0		
1879	2025-05-10	Lucas	1	10	10.0	100.0	60.0		
1880	2025-09-13	Igor	1	4	10.0	40.0	24.0		
1881	2025-08-07	Gabriel	1	7	10.0	70.0	42.0		
1882	2025-12-08	João	2	1	15.0	15.0	10.0		
1883	2025-10-16	Paulo	1	3	10.0	30.0	18.0		
1884	2025-04-24	Gabriel	1	3	10.0	30.0	18.0		
1885	2025-08-01	João	4	3	5.0	15.0	9.0		
1886	2025-03-06	Maria	3	8	7.5	60.0	40.0		
1887	2025-09-09	Maria	4	6	5.0	30.0	18.0		
1888	2025-04-23	Gabriel	4	2	5.0	10.0	6.0		
1889	2025-01-17	Maria	1	2	10.0	20.0	12.0		
1890	2025-02-13	Igor	1	6	10.0	60.0	36.0		
1891	2025-02-07	Isabela	2	2	15.0	30.0	20.0		
1892	2025-11-04	Manuela	3	4	7.5	30.0	20.0		
1893	2025-01-27	Maria	2	6	15.0	90.0	60.0		
1894	2025-03-26	Lucas	2	5	15.0	75.0	50.0		
1895	2025-11-18	Igor	1	6	10.0	60.0	36.0		
1896	2025-06-08	Gabriel	5	2	12.0	24.0	14.0		
1897	2025-07-23	Paulo	2	9	15.0	135.0	90.0		
1898	2025-11-06	Maria	4	7	5.0	35.0	21.0		
1899	2025-07-13	Manuela	5	10	12.0	120.0	70.0		
1900	2025-12-23	Fernanda	3	6	7.5	45.0	30.0		
1901	2025-04-12	Paulo	1	1	10.0	10.0	6.0		
1902	2025-01-18	Lucas	2	6	15.0	90.0	60.0		
1903	2025-09-17	Gabriel	3	6	7.5	45.0	30.0		
1904	2025-10-14	Igor	2	2	15.0	30.0	20.0		
1905	2025-03-02	Fernanda	2	5	15.0	75.0	50.0		
1906	2025-10-16	Fernanda	4	1	5.0	5.0	3.0		
1907	2025-12-25	Ana	2	1	15.0	15.0	10.0		
1908	2025-10-21	Manuela	3	2	7.5	15.0	10.0		
1909	2025-09-15	Maria	3	1	7.5	7.5	5.0		
1910	2025-10-13	Igor	4	9	5.0	45.0	27.0		
1911	2025-05-09	Gabriel	5	7	12.0	84.0	49.0		
1912	2025-01-03	Paulo	1	6	10.0	60.0	36.0		
1913	2025-12-08	Lucas	5	7	12.0	84.0	49.0		
1914	2025-08-06	Isabela	4	2	5.0	10.0	6.0		
1915	2025-08-18	Fernanda	5	10	12.0	120.0	70.0		
1916	2025-10-23	Maria	1	6	10.0	60.0	36.0		
1917	2025-04-25	João	2	10	15.0	150.0	100.0		
1918	2025-01-26	Igor	1	1	10.0	10.0	6.0		
1919	2025-12-21	Manuela	4	8	5.0	40.0	24.0		
1920	2025-04-05	Lucas	1	9	10.0	90.0	54.0		
1921	2025-10-08	Ana	1	3	10.0	30.0	18.0		
1922	2025-09-13	Igor	1	2	10.0	20.0	12.0		
1923	2025-11-24	Igor	2	5	15.0	75.0	50.0		
1924	2025-05-30	Fernanda	1	3	10.0	30.0	18.0		
1925	2025-06-09	Maria	3	5	7.5	37.5	25.0		
1926	2025-12-08	Isabela	4	7	5.0	35.0	21.0		
1927	2025-10-23	Paulo	2	2	15.0	30.0	20.0		
1928	2025-05-16	Manuela	5	8	12.0	96.0	56.0		
1929	2025-05-03	Maria	1	7	10.0	70.0	42.0		
1930	2025-03-20	Isabela	3	2	7.5	15.0	10.0		
1931	2025-01-13	Lucas	3	6	7.5	45.0	30.0		
1932	2025-10-23	Fernanda	4	3	5.0	15.0	9.0		
1933	2025-08-31	Fernanda	2	4	15.0	60.0	40.0		
1934	2025-04-28	Ana	4	6	5.0	30.0	18.0		
1935	2025-01-29	Isabela	1	6	10.0	60.0	36.0		
1936	2025-01-07	Fernanda	5	1	12.0	12.0	7.0		
1937	2025-08-24	Lucas	2	9	15.0	135.0	90.0		
1938	2025-04-09	Igor	1	9	10.0	90.0	54.0		
1939	2025-12-18	Manuela	5	3	12.0	36.0	21.0		
1940	2025-07-22	Isabela	2	5	15.0	75.0	50.0		
1941	2025-04-13	Ana	3	2	7.5	15.0	10.0		
1942	2025-02-18	Ana	5	10	12.0	120.0	70.0		
1943	2025-07-05	Paulo	3	4	7.5	30.0	20.0		
1944	2025-11-28	Gabriel	1	10	10.0	100.0	60.0		
1945	2025-11-24	Maria	5	6	12.0	72.0	42.0		
1946	2025-08-26	Manuela	4	8	5.0	40.0	24.0		
1947	2025-08-13	Maria	5	3	12.0	36.0	21.0		
1948	2025-02-17	Gabriel	1	8	10.0	80.0	48.0		
1949	2025-11-21	Fernanda	1	3	10.0	30.0	18.0		
1950	2025-06-29	Gabriel	1	7	10.0	70.0	42.0		
1951	2025-01-21	João	5	6	12.0	72.0	42.0		
1952	2025-05-10	Manuela	5	9	12.0	108.0	63.0		
1953	2025-12-01	Lucas	5	4	12.0	48.0	28.0		
1954	2025-11-05	Lucas	5	2	12.0	24.0	14.0		
1955	2025-09-19	João	1	2	10.0	20.0	12.0		
1956	2025-10-03	Igor	4	4	5.0	20.0	12.0		
1957	2025-07-03	Lucas	5	10	12.0	120.0	70.0		
1958	2025-04-20	Maria	1	8	10.0	80.0	48.0		
1959	2025-06-25	Manuela	4	2	5.0	10.0	6.0		
1960	2025-02-11	Ana	1	3	10.0	30.0	18.0		
1961	2025-12-19	Maria	5	6	12.0	72.0	42.0		
1962	2025-12-06	Isabela	2	1	15.0	15.0	10.0		
1963	2025-02-13	Manuela	5	3	12.0	36.0	21.0		
1964	2025-05-26	Ana	1	4	10.0	40.0	24.0		
1965	2025-11-10	Isabela	2	7	15.0	105.0	70.0		
1966	2025-04-20	Maria	4	1	5.0	5.0	3.0		
1967	2025-01-20	João	4	10	5.0	50.0	30.0		
1968	2025-06-23	Isabela	3	2	7.5	15.0	10.0		
1969	2025-06-21	Lucas	5	10	12.0	120.0	70.0		
1970	2025-10-01	Paulo	1	2	10.0	20.0	12.0		
1971	2025-05-08	Gabriel	5	6	12.0	72.0	42.0		
1972	2025-06-25	Lucas	1	9	10.0	90.0	54.0		
1973	2025-02-26	Fernanda	3	6	7.5	45.0	30.0		
1974	2025-05-30	João	4	6	5.0	30.0	18.0		
1975	2025-08-12	Lucas	2	9	15.0	135.0	90.0		
1976	2025-03-18	Maria	4	9	5.0	45.0	27.0		
1977	2025-10-01	Ana	5	10	12.0	120.0	70.0		
1978	2025-05-17	Manuela	4	4	5.0	20.0	12.0		
1979	2025-10-04	Maria	4	4	5.0	20.0	12.0		
1980	2025-01-02	Ana	1	8	10.0	80.0	48.0		
1981	2025-07-20	Fernanda	2	9	15.0	135.0	90.0		
1982	2025-09-07	Maria	2	8	15.0	120.0	80.0		
1983	2025-08-24	Ana	5	1	12.0	12.0	7.0		
1984	2025-05-10	Isabela	2	6	15.0	90.0	60.0		
1985	2025-05-12	Fernanda	3	7	7.5	52.5	35.0		
1986	2025-10-18	Fernanda	2	4	15.0	60.0	40.0		
1987	2025-07-17	Manuela	1	3	10.0	30.0	18.0		
1988	2025-02-04	Gabriel	3	9	7.5	67.5	45.0		
1989	2025-06-24	Gabriel	2	6	15.0	90.0	60.0		
1990	2025-08-20	Maria	2	6	15.0	90.0	60.0		
1991	2025-01-19	Gabriel	5	2	12.0	24.0	14.0		
1992	2025-04-09	Paulo	5	4	12.0	48.0	28.0		
1993	2025-09-22	Manuela	4	5	5.0	25.0	15.0		
1994	2025-04-16	Lucas	5	1	12.0	12.0	7.0		
1995	2025-02-26	Gabriel	4	1	5.0	5.0	3.0		
1996	2025-01-30	João	5	4	12.0	48.0	28.0		
1997	2025-12-15	Lucas	4	3	5.0	15.0	9.0		
1998	2025-07-22	Paulo	4	1	5.0	5.0	3.0		
1999	2025-07-12	Isabela	4	7	5.0	35.0	21.0		
2000	2025-12-01	Fernanda	2	7	15.0	105.0	70.0		
									
									
